u_id,model,pred_country,correct,auc_ranked,auc_random,auc_gap,conf_step0,conf_step1,conf_step2,conf_step3,conf_step4,conf_step5,conf_step6,conf_step7,conf_step8,conf_step9,conf_step10
1309b373-b885-4aa0-b6f8-7aab4b734ac2,qwen2vl,China,True,0.69156,0.59513,0.09642,0.88996,0.81808,0.83716,0.79297,0.78476,0.80979,0.76229,0.60535,0.64715,0.39694,0.03222
49f5b3aa-dc13-4ebe-bf8d-6771b9298c37,qwen2vl,China,True,0.3534,0.27344,0.07996,0.88438,0.78345,0.70068,0.34849,0.35239,0.18192,0.17886,0.16454,0.27738,0.08182,0.04464
502a5fee-89c1-4f5d-b41d-9bdd65b11eb1,qwen2vl,China,True,0.6356,0.51778,0.11782,0.8061,0.75918,0.72043,0.68588,0.74919,0.7638,0.32318,0.39871,0.57059,0.95191,0.06019
08f8c99f-b47b-46f6-8e29-6bcaa11d8ab1,qwen2vl,China,True,0.3454,0.56934,-0.22393,0.95928,0.6789,0.43415,0.20194,0.3047,0.50591,0.31982,0.30154,0.12359,0.07672,0.05422
1bad08e1-1e74-421f-996f-5c435cb367e3,qwen2vl,China,True,0.30749,0.57732,-0.26983,0.98301,0.75756,0.74959,0.30655,0.42941,0.13074,0.08629,0.04772,0.03995,0.02651,0.01808
de8ac0fa-d6dc-41bb-b117-f5e84f22e9e5,qwen2vl,China,True,0.48092,0.62162,-0.14069,0.92498,0.85196,0.78117,0.74564,0.54574,0.5082,0.33067,0.18937,0.26118,0.10647,0.05266
07dabc78-3e60-46e1-b6e4-14c03b083f61,qwen2vl,India,False,0.10845,0.10639,0.00206,0.24163,0.15397,0.16397,0.11648,0.06366,0.08521,0.08529,0.10017,0.05725,0.09249,0.09041
e8417033-3d23-4eb3-b225-e8d68ff8cde3,qwen2vl,China,True,0.07782,0.11467,-0.03685,0.32108,0.13732,0.03209,0.02784,0.03954,0.06235,0.08131,0.06898,0.07781,0.07671,0.02748
7469bf5a-e55b-4077-8c23-4f80be8daa32,qwen2vl,Ethiopia,False,0.23568,0.23694,-0.00126,0.16685,0.15974,0.22922,0.26565,0.30901,0.27668,0.19787,0.2286,0.25043,0.24482,0.22274
803df59c-07e6-4459-a5cb-8c2e27237461,qwen2vl,China,True,0.63712,0.77121,-0.13409,0.98691,0.98339,0.95859,0.92437,0.8936,0.88318,0.85215,0.23291,0.05891,0.07763,0.02601
b2886064-331e-4c71-a625-d9d2c5cd9421,qwen2vl,China,True,0.07272,0.08949,-0.01677,0.10061,0.06074,0.03827,0.04963,0.08408,0.09236,0.1159,0.10733,0.07058,0.038,0.04007
f009866e-207b-4ed4-b0d2-150b69a5d0b0,qwen2vl,China,True,0.48402,0.56863,-0.08461,0.82638,0.5903,0.57179,0.48213,0.53382,0.48296,0.39827,0.50241,0.64232,0.1823,0.08148
09c667a0-2ed1-425e-8f15-f0d7b510b5ab,qwen2vl,China,True,0.37305,0.69497,-0.32192,0.94511,0.92862,0.93761,0.9468,0.08977,0.10772,0.05323,0.04765,0.05826,0.05883,0.05883
5db4404d-6fd6-4ebd-ad5f-15c8be7344d5,qwen2vl,China,True,0.1353,0.27414,-0.13883,0.86055,0.18342,0.10584,0.20661,0.12775,0.09803,0.06824,0.05461,0.03383,0.03055,0.02776
481fa382-ad75-4f6e-bdaa-cdadfbc9f4e5,qwen2vl,China,True,0.85867,0.85256,0.00611,0.97767,0.97936,0.96688,0.95593,0.92778,0.89134,0.85635,0.8312,0.71487,0.94816,0.052
a8f5c325-4cc4-4371-bd45-5d19156de028,qwen2vl,China,True,0.78272,0.86486,-0.08214,0.96372,0.93838,0.95437,0.9746,0.96261,0.95309,0.90221,0.81761,0.7768,0.04186,0.04761
96037b83-81d6-4de0-ac58-e2ea3f1d0f68,qwen2vl,China,True,0.07858,0.10319,-0.02461,0.12256,0.12256,0.08934,0.07855,0.06722,0.05101,0.04672,0.09856,0.10444,0.04516,0.04193
22bb7d28-bb29-4a85-af25-85f66ce70d52,qwen2vl,China,True,0.22121,0.25303,-0.03182,0.64195,0.30255,0.45587,0.28133,0.32265,0.1804,0.12375,0.08963,0.03519,0.07079,0.05784
4c169dc1-0511-4867-803b-2c5724589072,qwen2vl,China,True,0.29208,0.49479,-0.20272,0.93669,0.90014,0.90881,0.20612,0.13159,0.07062,0.05105,0.05799,0.0582,0.05053,0.03476
aa454b8a-ea44-47d8-bfc5-8e0691affc18,qwen2vl,China,True,0.31042,0.54207,-0.23165,0.96847,0.95232,0.89732,0.56477,0.03158,0.03116,0.02476,0.02383,0.04051,0.0313,0.04475
c4ba628f-6ccc-4659-88e0-989cf36c6b66,qwen2vl,Canada,True,0.64635,0.71192,-0.06557,0.99584,0.99608,0.99471,0.99505,0.95242,0.87921,0.83295,0.14778,0.07931,0.05326,0.06967
c6e2a507-d64e-4f66-a017-8c4bec7a25aa,qwen2vl,Germany,False,0.17653,0.17929,-0.00276,0.44448,0.29115,0.30454,0.10211,0.10507,0.09501,0.10513,0.20593,0.13346,0.16552,0.07036
48cb84ac-f6c8-41d5-a8bd-433790fd4228,qwen2vl,USA,False,0.0761,0.03484,0.04127,0.1381,0.09283,0.08192,0.08238,0.0608,0.04208,0.07297,0.11087,0.06529,0.0669,0.03189
af32828e-77c5-4c31-ad76-c68b4c3d2cfb,qwen2vl,Turkey,False,0.18441,0.27027,-0.08586,0.63434,0.27554,0.28474,0.15678,0.15263,0.1386,0.13794,0.14305,0.17005,0.05161,0.03198
96b37654-4373-4743-981d-ef25317c602a,qwen2vl,USA,False,0.06522,0.05694,0.00829,0.30829,0.08411,0.07396,0.04022,0.04123,0.06047,0.06549,0.04272,0.02824,0.02611,0.0711
a2ebb579-6a95-4ef6-90d3-7472f9739d27,qwen2vl,USA,False,0.08944,0.08052,0.00892,0.16422,0.1403,0.1224,0.12031,0.09623,0.05792,0.09307,0.06191,0.04428,0.05539,0.04093
734acb99-0962-4131-b4f7-725c20411db8,qwen2vl,Canada,True,0.62481,0.56636,0.05845,0.962,0.90376,0.8957,0.70814,0.64466,0.67464,0.4657,0.65332,0.69588,0.0906,0.06931
a914a20e-7219-43e5-929a-a60eeb2b0eba,qwen2vl,USA,False,0.16579,0.28384,-0.11804,0.68477,0.26355,0.13139,0.059,0.04062,0.04083,0.11292,0.23974,0.27677,0.11174,0.07795
8869939b-17da-472e-8637-58d80e9291e7,qwen2vl,Canada,True,0.08871,0.18253,-0.09382,0.28248,0.11275,0.11706,0.07883,0.0725,0.07936,0.05466,0.05632,0.06253,0.07458,0.07458
184d6c08-7237-4f6b-b49d-04b5b2bef635,qwen2vl,Canada,True,0.70017,0.60178,0.0984,0.98676,0.89991,0.87648,0.94111,0.78244,0.73801,0.45338,0.72866,0.72669,0.33324,0.05692
8a4aa22a-5c51-425d-ad3d-69de43f88b0c,qwen2vl,India,False,0.06669,0.08689,-0.0202,0.02705,0.06325,0.05501,0.0578,0.06549,0.05703,0.06131,0.07294,0.07591,0.09805,0.09313
6c905b2d-0ff6-4c21-b0ef-50861a2cc2b5,qwen2vl,USA,False,0.08116,0.1208,-0.03964,0.1008,0.10594,0.09876,0.08854,0.11299,0.08948,0.06158,0.07772,0.07641,0.03844,0.02274
0c62e0fb-0aea-49a7-b333-b15a64c8359f,qwen2vl,USA,False,0.12616,0.11098,0.01518,0.25824,0.1986,0.09997,0.10255,0.09782,0.104,0.14252,0.16736,0.16357,0.03752,0.0372
7174dc33-dbe6-4c70-a3ef-ae0be8ab6b29,qwen2vl,USA,False,0.12555,0.08058,0.04497,0.20525,0.17856,0.13736,0.11869,0.15491,0.13984,0.12577,0.09981,0.06596,0.08314,0.09774
fdd8ea6d-e848-4b9c-af83-8e1ad010ef1e,qwen2vl,USA,False,0.02832,0.02437,0.00395,0.07356,0.0087,0.0166,0.01482,0.03147,0.03755,0.02462,0.03345,0.02998,0.03299,0.03238
b5ddf9ce-952d-4fe5-a878-b1ffe90ff1ef,qwen2vl,Brazil,False,0.23296,0.30014,-0.06719,0.28255,0.33525,0.20608,0.18933,0.19591,0.30372,0.28903,0.24278,0.14528,0.22593,0.10997
fa9d08f1-413b-4a05-b058-380843d46806,qwen2vl,USA,False,0.08132,0.11281,-0.03148,0.07709,0.06872,0.0532,0.04139,0.06453,0.10591,0.08285,0.05827,0.14411,0.14074,0.02995
746e8569-1091-499b-8de8-08bce681dd84,qwen2vl,Canada,True,0.59194,0.75591,-0.16397,0.98419,0.98808,0.98701,0.99165,0.98248,0.94361,0.26264,0.06374,0.089,0.09393,0.05029
19ae4ab7-a1b1-47c9-a81d-24a4020df41a,qwen2vl,Brazil,False,0.12488,0.13317,-0.00829,0.39104,0.1359,0.12206,0.12628,0.14539,0.12603,0.08836,0.08844,0.08187,0.08812,0.10167
318807ce-d521-41f7-b9b2-e533deb7a178,qwen2vl,USA,False,0.27537,0.33072,-0.05535,0.73182,0.48874,0.36856,0.40223,0.14971,0.17212,0.15797,0.12814,0.28692,0.22351,0.01985
acd68d0e-9d10-40ef-9fd1-cbdc720808ef,qwen2vl,Canada,True,0.37181,0.54271,-0.1709,0.9986,0.97179,0.98008,0.98194,0.08146,0.01872,0.02891,0.02695,0.05298,0.04876,0.05437
591a4da1-0a04-4dc6-ba4e-a3526dbce1c6,qwen2vl,Canada,True,0.32927,0.43667,-0.1074,0.66989,0.54527,0.65437,0.5743,0.36225,0.33786,0.22461,0.09936,0.0553,0.06839,0.07207
bfa7333e-1ab0-4ebc-b11c-d7c0cc5a9e8c,qwen2vl,Canada,True,0.8522,0.86405,-0.01185,0.98943,0.98846,0.98664,0.98982,0.98265,0.9815,0.97555,0.98777,0.97937,0.13335,0.04444
87161e09-edf6-46a7-acf4-1d2ba9f61348,qwen2vl,Canada,True,0.49342,0.58522,-0.0918,0.46028,0.60829,0.55937,0.67955,0.50593,0.57885,0.81937,0.7385,0.12321,0.06909,0.04375
31824d6c-cdda-43df-9792-17cb3f44217d,qwen2vl,Nigeria,True,0.24416,0.28087,-0.03671,0.09029,0.1875,0.34792,0.37317,0.37317,0.22055,0.19697,0.17023,0.21302,0.27075,0.08643
7409a04b-e4e0-48a6-83aa-9ea94eeb78da,qwen2vl,Germany,False,0.09706,0.09391,0.00315,0.26592,0.12694,0.17458,0.11006,0.12916,0.0743,0.05508,0.046,0.04884,0.04884,0.04771
a2ccb005-d747-43f8-8315-2518a1ece07d,qwen2vl,India,False,0.06193,0.08526,-0.02332,0.02646,0.05602,0.06412,0.0582,0.05193,0.0515,0.05473,0.0893,0.06167,0.06956,0.09814
bb027c12-2666-421b-a523-4bd7c4c30f20,qwen2vl,Rwanda,False,0.20001,0.09788,0.10212,0.15681,0.23626,0.23547,0.2574,0.17831,0.15412,0.22815,0.18237,0.15497,0.21772,0.15381
98b439d0-91bc-40ba-8d77-ec2889c96666,qwen2vl,Nigeria,True,0.64895,0.66572,-0.01677,0.61901,0.68832,0.77128,0.70411,0.64619,0.60254,0.65586,0.70445,0.77361,0.50523,0.2568
4457fdf9-a623-41bd-8a0d-fd42128f38b3,qwen2vl,Nigeria,True,0.68291,0.63569,0.04723,0.7313,0.78359,0.86015,0.84678,0.7142,0.58538,0.59591,0.68004,0.66848,0.59572,0.26644
2c1bd295-9cde-47af-af0e-202c03272d01,qwen2vl,Nigeria,True,0.76156,0.66339,0.09817,0.84372,0.85617,0.75876,0.79324,0.7389,0.74729,0.74599,0.80907,0.83811,0.82568,0.16114
da343301-2fc3-42b9-9d8e-7f90b000f00f,qwen2vl,Rwanda,False,0.82951,0.76316,0.06635,0.89733,0.94191,0.86564,0.85995,0.85625,0.9235,0.89988,0.89019,0.89065,0.56866,0.29969
c717f3a6-7b14-4f61-b395-89d63b0c6e73,qwen2vl,Nigeria,True,0.46274,0.55497,-0.09223,0.54282,0.71667,0.71117,0.26546,0.25796,0.29325,0.48881,0.60853,0.62913,0.3126,0.14474
4b6b43e4-d3c9-4faf-8ed9-ed1e51754baf,qwen2vl,Germany,False,0.12384,0.06899,0.05485,0.03625,0.04282,0.06319,0.0892,0.1257,0.20931,0.20067,0.26192,0.14014,0.03905,0.09654
6e72fc43-14d2-40a5-863c-62d14dc5facb,qwen2vl,Nigeria,True,0.78656,0.67679,0.10977,0.58846,0.83115,0.9008,0.89789,0.95115,0.95047,0.90845,0.84823,0.68013,0.51227,0.18169
60c2f1e2-820c-4c10-a873-af1a75d9e4db,qwen2vl,Nigeria,True,0.68645,0.87828,-0.19182,0.99608,0.99673,0.98865,0.96366,0.96317,0.95993,0.56359,0.35665,0.25999,0.2295,0.16928
0ce7d616-31bd-4eac-99ec-195e0172b4fc,qwen2vl,Nigeria,True,0.12796,0.14608,-0.01811,0.04061,0.07926,0.14795,0.1136,0.13426,0.15833,0.11602,0.12981,0.1444,0.18209,0.10721
3a181f33-846c-43f8-8512-5919ce7088bf,qwen2vl,Nigeria,True,0.21575,0.15759,0.05816,0.09655,0.11038,0.15146,0.34094,0.38506,0.32065,0.2127,0.16038,0.11964,0.25138,0.11333
67fa11a3-fa1f-4817-a189-87f38daf3011,qwen2vl,India,False,0.07125,0.08735,-0.0161,0.03687,0.08322,0.05621,0.04994,0.07488,0.07156,0.07821,0.06274,0.08495,0.08151,0.10177
6518121e-ba08-4e76-aa33-2c2e00598fdd,qwen2vl,Nigeria,True,0.6475,0.40862,0.23888,0.44355,0.57439,0.69282,0.68744,0.87545,0.83987,0.84291,0.81285,0.47598,0.36902,0.16499
dc012abe-5e86-41c4-b740-a9e91a0fe240,qwen2vl,Ethiopia,False,0.12514,0.1541,-0.02896,0.04729,0.05464,0.06714,0.06566,0.05347,0.09124,0.06287,0.17138,0.2883,0.29877,0.14855
3b78bd2d-5f55-4480-8637-ccc22c549402,qwen2vl,Nigeria,True,0.52634,0.62965,-0.10331,0.95835,0.80405,0.90451,0.82001,0.57038,0.27084,0.27458,0.33949,0.34027,0.34461,0.23095
9ace2f1e-6a06-45ba-bed9-46ac3b80b038,qwen2vl,India,False,0.09056,0.06678,0.02378,0.01242,0.02827,0.03807,0.08549,0.05568,0.07234,0.06594,0.1399,0.1346,0.20025,0.15773
ecd4f0c8-0bb6-4a35-ac36-66588d7d4185,qwen2vl,India,False,0.11534,0.123,-0.00766,0.04473,0.1353,0.09338,0.12636,0.09984,0.11789,0.1505,0.0981,0.12775,0.12596,0.11185
69a710fd-f216-43b8-9ec6-8fd324c49690,qwen2vl,Brazil,False,0.05818,0.0419,0.01628,0.03521,0.02486,0.03483,0.03838,0.04138,0.07209,0.08309,0.07467,0.07777,0.07566,0.08289
30beeebf-ea67-484f-93a7-2cfd29242fe4,qwen2vl,Nigeria,True,0.75366,0.76373,-0.01008,0.94244,0.84622,0.78085,0.8554,0.8672,0.94348,0.81009,0.78564,0.80478,0.31505,0.11326
6edf17b0-f94a-42d4-b233-4234439deda4,qwen2vl,India,False,0.22929,0.23553,-0.00624,0.05884,0.27733,0.43499,0.16753,0.14125,0.28298,0.29743,0.27995,0.21183,0.11418,0.11202
c6582a96-d4df-4b5a-8a86-3652687aa1e8,qwen2vl,Nigeria,True,0.22781,0.34513,-0.11732,0.27257,0.19333,0.17791,0.22037,0.13341,0.22008,0.18403,0.38444,0.21775,0.35115,0.11871
13f37320-7bb5-4232-9bf2-8f28c57c4582,qwen2vl,USA,True,0.17232,0.20153,-0.02921,0.4295,0.19022,0.2301,0.21341,0.20256,0.21674,0.19875,0.176,0.05161,0.01742,0.02329
9e63b44b-6f24-4288-9b27-8626e11bf0a3,qwen2vl,USA,True,0.06543,0.0664,-0.00097,0.06933,0.10356,0.08371,0.06363,0.06372,0.06393,0.06256,0.08234,0.06129,0.02892,0.01194
a2dcde1c-1b2c-4936-ac07-8e912413e23e,qwen2vl,Iran,False,0.1759,0.22878,-0.05288,0.31617,0.13237,0.25283,0.28792,0.19616,0.18334,0.14532,0.12787,0.11234,0.14835,0.02892
6f5bf0aa-f72d-4e5d-8ac8-bcc1761d0f8a,qwen2vl,USA,True,0.16003,0.1203,0.03973,0.57137,0.20468,0.16883,0.21625,0.21157,0.1436,0.10355,0.06399,0.10094,0.07905,0.04436
41388d0a-c0cd-4947-a415-db9ba4893bcd,qwen2vl,USA,True,0.21551,0.29231,-0.0768,0.73371,0.36945,0.22244,0.22947,0.21146,0.25808,0.25052,0.13869,0.06011,0.0317,0.03259
4455c508-07a5-483c-a247-92904d635fee,qwen2vl,USA,True,0.09711,0.16853,-0.07142,0.41893,0.0891,0.11008,0.13048,0.15959,0.11194,0.03409,0.04772,0.02988,0.03966,0.01828
9e592190-7413-4778-8631-3908e7577661,qwen2vl,Ethiopia,False,0.84305,0.58148,0.26158,0.97802,0.97167,0.97547,0.9818,0.96324,0.9714,0.95619,0.91234,0.76543,0.34499,0.19802
a6b53f36-7864-4876-a058-7e0be321388b,qwen2vl,USA,True,0.10361,0.17336,-0.06976,0.19636,0.23332,0.15502,0.1444,0.08519,0.07721,0.0997,0.08996,0.01439,0.02474,0.02796
5473783d-ba57-45b2-8414-33eb26c36ccf,qwen2vl,USA,True,0.16643,0.20781,-0.04138,0.41005,0.17024,0.17975,0.12465,0.13604,0.20698,0.21108,0.16664,0.12169,0.10476,0.07487
89df03ce-b19f-474d-8f36-e9b41be7d3d5,qwen2vl,USA,True,0.07847,0.14429,-0.06581,0.73367,0.08722,0.11354,0.04547,0.03201,0.03594,0.02592,0.02691,0.01638,0.02432,0.02038
7d6f190c-4df7-4306-a1e9-b87ed1e3087c,qwen2vl,USA,True,0.082,0.09542,-0.01342,0.69826,0.12004,0.04394,0.01749,0.05015,0.05069,0.04551,0.0414,0.03052,0.03584,0.07066
ff57c370-a704-49a2-8662-f040dca197df,qwen2vl,USA,True,0.04384,0.08565,-0.04181,0.19862,0.05049,0.04284,0.0431,0.02938,0.02453,0.02898,0.02618,0.01942,0.04943,0.04943
87a16f79-2e21-4b11-93b2-4871169911e7,qwen2vl,USA,True,0.30452,0.58344,-0.27892,0.97582,0.841,0.41837,0.47889,0.18772,0.14609,0.13509,0.10909,0.19474,0.03096,0.03061
1880497c-e945-4689-839e-03022a70d7a7,qwen2vl,USA,True,0.18797,0.64228,-0.45431,0.85652,0.64645,0.30086,0.07372,0.1552,0.06346,0.06219,0.04238,0.04288,0.0286,0.07142
4436f0b0-f4fe-4383-911d-4640c75d9018,qwen2vl,Germany,False,0.08414,0.08591,-0.00177,0.12455,0.07788,0.13806,0.08402,0.06224,0.08751,0.11029,0.06403,0.05155,0.06654,0.07403
46718728-a72a-4651-a2dc-d9d39b32ab74,qwen2vl,Nigeria,False,0.24552,0.27203,-0.02651,0.22691,0.24308,0.24742,0.214,0.19626,0.23678,0.24832,0.29186,0.32847,0.28276,0.10546
87cc957e-bd81-4ea9-8d40-d6d9bce4ec76,qwen2vl,USA,True,0.08638,0.08966,-0.00328,0.12692,0.13061,0.17882,0.09737,0.05074,0.05333,0.04237,0.06952,0.06407,0.06621,0.09461
2b697bc6-809b-4d92-aa10-10c31472acaa,qwen2vl,USA,True,0.14192,0.13077,0.01116,0.35864,0.27403,0.21014,0.2201,0.13219,0.13564,0.09709,0.05452,0.05276,0.03929,0.04833
b6aaf31f-d668-4f6e-9d34-c7ecbfa7c8a8,qwen2vl,USA,True,0.70084,0.32581,0.37502,0.88462,0.69123,0.81256,0.73335,0.82858,0.78788,0.66846,0.83195,0.63828,0.51069,0.12616
9f2b9f74-faa4-4b54-a4f1-aa65e32cb9f9,qwen2vl,India,False,0.21279,0.14816,0.06463,0.06163,0.38963,0.36001,0.32699,0.17881,0.16116,0.11321,0.12691,0.1952,0.18512,0.12002
7cd63749-44d8-4024-ac6c-727bde0ae91a,qwen2vl,USA,True,0.12273,0.22903,-0.10631,0.38284,0.10387,0.10875,0.09148,0.10776,0.11208,0.11065,0.1041,0.14888,0.12801,0.04056
dca004c5-3d95-44e6-95ef-8116165e04a3,qwen2vl,USA,True,0.13065,0.16669,-0.03604,0.31771,0.24047,0.1415,0.15589,0.17611,0.17029,0.14746,0.03269,0.02901,0.02775,0.05297
d527b146-00a1-41fb-8671-6114ee9cabb9,qwen2vl,USA,True,0.28241,0.35045,-0.06804,0.75707,0.50436,0.27,0.20036,0.20798,0.2044,0.36496,0.35281,0.15424,0.16698,0.03884
2fd3e1c4-4980-4f7d-8876-69cd79654a75,qwen2vl,India,False,0.21279,0.14574,0.06705,0.06163,0.38963,0.36001,0.32699,0.17881,0.16116,0.11321,0.12691,0.1952,0.18512,0.12002
41e6fcd3-a802-4639-a9f3-3943c6b1242a,qwen2vl,India,True,0.09214,0.06616,0.02597,0.12096,0.1079,0.18334,0.11965,0.08231,0.04806,0.05716,0.0669,0.06707,0.09722,0.0626
6a8d47c3-55db-4f2d-b7e0-6c25b6a268c8,qwen2vl,India,True,0.16717,0.43977,-0.2726,0.26572,0.0929,0.13226,0.22411,0.21988,0.23447,0.22288,0.09952,0.12085,0.13002,0.12394
b577985c-6eca-41d4-805c-13fdb8822df8,qwen2vl,India,True,0.54838,0.65828,-0.1099,0.94319,0.75132,0.70973,0.87865,0.84428,0.85353,0.34879,0.29968,0.15605,0.08655,0.16727
fdc20e45-b3db-48bd-946b-8969194f3fde,qwen2vl,India,True,0.093,0.10529,-0.01228,0.06766,0.1491,0.08239,0.12162,0.10651,0.10937,0.07899,0.0616,0.08474,0.06167,0.08044
9844e1be-1620-44ee-ac68-57ae9d58ab4f,qwen2vl,India,True,0.56032,0.65456,-0.09424,0.98761,0.9659,0.92839,0.89572,0.69198,0.88182,0.39915,0.09884,0.11826,0.07495,0.10874
eced265e-c274-45b9-9e1d-16ab6fbad9cd,qwen2vl,India,True,0.67391,0.59065,0.08326,0.95541,0.93731,0.86259,0.85239,0.82401,0.88783,0.7716,0.48169,0.33899,0.23574,0.13845
a9aa210b-bfa3-4ff6-8c82-3c3e7b4544b5,qwen2vl,India,True,0.46356,0.67845,-0.2149,0.89819,0.63391,0.61701,0.45543,0.43789,0.6313,0.51623,0.1233,0.52946,0.15722,0.1694
0c06402c-32eb-4fb0-bd5c-3d8ce5f6e9e2,qwen2vl,India,True,0.42847,0.59415,-0.16568,0.92023,0.81278,0.74222,0.6093,0.38448,0.39294,0.24891,0.16369,0.19785,0.22825,0.0884
ac9a3d5c-63dd-4fbd-9676-9f913f4029f3,qwen2vl,India,True,0.33628,0.66249,-0.32621,0.96986,0.71316,0.69392,0.39831,0.21688,0.16899,0.18723,0.21076,0.14502,0.0997,0.08781
520f8c8b-3426-4a8e-affd-07b0c26f954b,qwen2vl,India,True,0.44128,0.57924,-0.13797,0.82473,0.81269,0.82622,0.85109,0.50035,0.42184,0.1933,0.10776,0.1166,0.11424,0.11262
d4d631c2-4c15-4f43-b3bb-bd1fe3157b64,qwen2vl,India,True,0.57926,0.47781,0.10145,0.85397,0.80618,0.8734,0.8458,0.81301,0.83571,0.63384,0.27287,0.10761,0.12456,0.10521
0f7abdc3-c885-4d91-bb7d-67f1c607a7d0,qwen2vl,India,True,0.25794,0.23174,0.0262,0.62327,0.60277,0.48268,0.23875,0.21586,0.16646,0.17155,0.17986,0.08224,0.08507,0.08507
be330458-bfe8-4b6d-ab4f-0e121faca59d,qwen2vl,India,True,0.78912,0.85864,-0.06952,0.69549,0.82088,0.77825,0.86197,0.88228,0.82284,0.88149,0.82575,0.87482,0.73413,0.12197
ae89905e-966f-43f0-8c0f-cc4ce1b87ac1,qwen2vl,India,True,0.08928,0.16643,-0.07715,0.22714,0.10095,0.05259,0.04194,0.02526,0.05909,0.09369,0.08579,0.10297,0.13288,0.16811
3156bba1-7c6d-417e-8841-d6319dc7e3af,qwen2vl,Brazil,False,0.13134,0.18079,-0.04945,0.28592,0.10593,0.08713,0.11212,0.12991,0.14591,0.16148,0.17939,0.12457,0.0958,0.05647
dad09341-9891-4f9e-b292-1f834f9fedc4,qwen2vl,Turkey,False,0.07037,0.07338,-0.00301,0.13429,0.08134,0.06894,0.0612,0.09242,0.06056,0.08961,0.06387,0.06365,0.03837,0.03322
9e192054-6b30-44b3-841f-785853bfe7e4,qwen2vl,India,True,0.11941,0.11453,0.00488,0.08832,0.13181,0.10915,0.11686,0.12809,0.14814,0.15449,0.14793,0.10229,0.06445,0.09349
4048bef4-586f-466a-8f53-3a1332979fcd,qwen2vl,India,True,0.27393,0.27176,0.00218,0.37607,0.24318,0.3766,0.34494,0.35354,0.31868,0.24759,0.26937,0.16962,0.18246,0.09058
c62249de-cc8b-43b7-aa90-842dbd8d89e2,qwen2vl,India,True,0.10637,0.13237,-0.026,0.17945,0.11494,0.07683,0.08207,0.08295,0.06913,0.12034,0.13208,0.12749,0.10522,0.12578
6ec6b59a-9126-4462-89ee-df55d996f4ab,qwen2vl,India,True,0.33732,0.31476,0.02257,0.70981,0.4611,0.37058,0.18928,0.24656,0.29851,0.48961,0.35961,0.25628,0.29382,0.10594
5c7b7038-b58d-4a21-b867-b7a72612ff55,qwen2vl,India,True,0.48007,0.43094,0.04913,0.44585,0.77954,0.75574,0.71676,0.73585,0.61563,0.23648,0.31313,0.19113,0.1608,0.14547
39e397ed-fa8c-40ee-974d-b2f01e397e64,qwen2vl,India,True,0.17175,0.16795,0.0038,0.16805,0.24239,0.15579,0.15378,0.21492,0.1401,0.14089,0.23311,0.22498,0.08546,0.08412
a82f3319-8037-44df-bcab-0d39d14590e6,qwen2vl,India,True,0.17035,0.24967,-0.07932,0.40954,0.08144,0.11616,0.19384,0.15937,0.21078,0.19449,0.17707,0.12643,0.17906,0.12024
3bbeaac4-39d5-449f-b8e0-69a66bbb9400,qwen2vl,India,True,0.15431,0.15219,0.00212,0.32299,0.27653,0.11972,0.1335,0.09046,0.10222,0.08514,0.14414,0.22093,0.16309,0.09183
4e2b3e11-9de8-4bfb-99c2-0bac3f7c7618,qwen2vl,Brazil,False,0.092,0.05746,0.03454,0.13548,0.09879,0.11983,0.10421,0.08662,0.08975,0.09632,0.07762,0.07749,0.06201,0.07917
e43999fc-df28-41f1-982f-64a51d79acb7,qwen2vl,Turkey,True,0.06365,0.11732,-0.05367,0.40305,0.15207,0.07121,0.0413,0.04491,0.02828,0.01434,0.01557,0.02326,0.02153,0.04505
c3a1ddb5-f12f-4806-bda6-4189d38228d7,qwen2vl,Turkey,True,0.4051,0.44647,-0.04137,0.9871,0.9778,0.96968,0.96891,0.37528,0.06517,0.03675,0.0454,0.05837,0.0416,0.03698
a950d18e-1dbc-46c8-955e-4bbf4f41aadb,qwen2vl,Turkey,True,0.56026,0.65197,-0.09171,0.99175,0.98505,0.98086,0.95501,0.86065,0.69484,0.26292,0.25277,0.04577,0.04681,0.04407
2b049977-6bfc-4a19-b59a-c9e2beffab94,qwen2vl,USA,False,0.07436,0.08025,-0.00589,0.42504,0.06766,0.12255,0.05969,0.04046,0.05989,0.04207,0.03956,0.03647,0.04184,0.04184
2329409d-2712-4aa5-96d1-2cd16298f150,qwen2vl,Turkey,True,0.23556,0.27613,-0.04058,0.76191,0.59217,0.31433,0.30283,0.20484,0.2449,0.12143,0.08641,0.05353,0.04014,0.02809
a7465e78-a57b-4a6c-bbcf-9214feeafb74,qwen2vl,Turkey,True,0.04398,0.07835,-0.03437,0.42485,0.04184,0.02119,0.02409,0.02384,0.01833,0.0165,0.0195,0.01996,0.02122,0.04186
fc76de15-b866-4251-af12-bd76901f7c3d,qwen2vl,Turkey,True,0.073,0.29758,-0.22457,0.67557,0.07136,0.08706,0.06076,0.01442,0.02364,0.02371,0.04012,0.03059,0.0237,0.03374
cedc6039-0f3d-4995-bf1f-eb1cd6590cbf,qwen2vl,Turkey,True,0.04398,0.06286,-0.01887,0.42485,0.04184,0.02119,0.02409,0.02384,0.01833,0.0165,0.0195,0.01996,0.02122,0.04186
1a2b2bda-ede8-4e7c-99a6-7072401066e6,qwen2vl,Turkey,True,0.33461,0.38266,-0.04805,0.9341,0.60925,0.62974,0.32669,0.27798,0.47657,0.34829,0.10613,0.06087,0.02958,0.02788
fa819613-c07e-4e81-ae2a-6a5fee7b350b,qwen2vl,Turkey,True,0.17317,0.1336,0.03958,0.81744,0.60453,0.47267,0.02124,0.01978,0.01946,0.03301,0.02399,0.06181,0.05348,0.02608
4efc5850-d150-471b-8188-4f35d3b63b48,qwen2vl,India,False,0.04202,0.10708,-0.06506,0.00926,0.02304,0.01782,0.02597,0.03201,0.05692,0.04792,0.05491,0.07776,0.04554,0.06735
a5ffd0e5-343e-484b-92dc-aa8f00b18e98,qwen2vl,Turkey,True,0.06705,0.07658,-0.00953,0.09445,0.17811,0.1351,0.06365,0.04707,0.03414,0.03298,0.01739,0.03811,0.04768,0.05807
c67a3887-7cf3-4455-8122-e60eedd643a7,qwen2vl,Turkey,True,0.10932,0.08327,0.02605,0.29202,0.37816,0.14122,0.10142,0.06824,0.0702,0.04506,0.03856,0.03602,0.03698,0.06263
0c5aee4c-d9fe-462e-8df1-ef7320c618cb,qwen2vl,USA,False,0.20824,0.15777,0.05047,0.45308,0.22209,0.18217,0.23222,0.25938,0.21566,0.21896,0.20481,0.18244,0.10626,0.06379
2272ab97-94b6-4151-9ec6-763f05b0c22c,qwen2vl,USA,False,0.05732,0.07164,-0.01432,0.20227,0.04417,0.0484,0.04855,0.05497,0.07261,0.06179,0.05445,0.03394,0.0308,0.04474
2b514973-2195-4908-8bda-3f958deb8bdb,qwen2vl,USA,False,0.01966,0.01806,0.0016,0.01149,0.01417,0.01691,0.01083,0.01848,0.02158,0.02311,0.03147,0.02846,0.01226,0.02711
f7a3dcee-b9cb-4f4b-94b6-617336a4d320,qwen2vl,Germany,False,0.07079,0.069,0.00179,0.08899,0.08807,0.09329,0.10321,0.07377,0.06902,0.05838,0.06695,0.05246,0.02844,0.05964
fd72fc17-d0df-47fd-9d0c-4e6803e873c0,qwen2vl,Turkey,True,0.22385,0.26461,-0.04076,0.62055,0.54406,0.388,0.23128,0.14058,0.16907,0.11308,0.14212,0.08876,0.09298,0.03655
e3ddb612-2a9b-4cda-a547-572583a1e202,qwen2vl,Turkey,True,0.40562,0.66368,-0.25806,0.94235,0.97261,0.89759,0.59637,0.73031,0.22177,0.04683,0.04043,0.03292,0.02815,0.03613
c6f9ae05-ef81-4957-b6f0-7a177580e2d5,qwen2vl,USA,False,0.03395,0.0764,-0.04246,0.00491,0.00426,0.00377,0.00622,0.0057,0.01693,0.03466,0.07855,0.08602,0.07346,0.05488
443e4b25-3d4a-40e3-a270-e48c9d37f105,qwen2vl,Turkey,True,0.16376,0.23794,-0.07418,0.77882,0.34482,0.19081,0.19319,0.1802,0.09598,0.07696,0.03417,0.0567,0.05022,0.05022
e2af3f45-8230-49e5-9fb2-19c8b42b9816,qwen2vl,Turkey,True,0.45599,0.39125,0.06474,0.92022,0.92216,0.91312,0.8966,0.51771,0.37528,0.24384,0.12166,0.05312,0.0354,0.04186
9463f29a-4672-4021-923f-3827ddcfae45,qwen2vl,Turkey,True,0.26782,0.30306,-0.03524,0.94245,0.68193,0.75611,0.19575,0.13242,0.06875,0.07643,0.13775,0.07066,0.06551,0.04334
c5fa60a8-7191-498a-8cc9-db07ec48dd86,qwen2vl,Iran,False,0.12148,0.09473,0.02675,0.21915,0.18186,0.12642,0.14611,0.14687,0.13012,0.12072,0.0982,0.0689,0.04651,0.07892
a48d89f9-3486-46e8-a68c-c47ad537226f,qwen2vl,Turkey,True,0.77024,0.79767,-0.02742,0.99464,0.98154,0.98591,0.97182,0.974,0.93591,0.945,0.74343,0.39467,0.24385,0.05802
468a0a50-3eba-40b2-92b0-5b172fb30c01,qwen2vl,India,False,0.15814,0.15447,0.00366,0.11406,0.09682,0.0993,0.12978,0.14193,0.1631,0.21775,0.21488,0.16188,0.22797,0.14185
f555701d-40c7-4400-9bdc-eda62ace2912,qwen2vl,Ethiopia,True,0.24179,0.29833,-0.05654,0.3425,0.19592,0.25769,0.31129,0.19014,0.39168,0.30895,0.22608,0.16412,0.13409,0.13343
6653f8dd-3fff-48a3-8e29-065917a610b0,qwen2vl,Nigeria,False,0.09349,0.13704,-0.04355,0.01316,0.0286,0.01003,0.00667,0.03363,0.04109,0.044,0.22,0.27448,0.17758,0.18445
8eafe537-95b2-4e1f-8416-8196d5fd59cb,qwen2vl,Ethiopia,True,0.41872,0.49459,-0.07588,0.73435,0.58723,0.51267,0.5496,0.49123,0.42305,0.32423,0.22662,0.21117,0.40771,0.17293
7cde7484-09d6-4675-859f-c98293b98f27,qwen2vl,Ethiopia,True,0.32123,0.56402,-0.24279,0.9387,0.7894,0.57105,0.26822,0.2192,0.23272,0.16237,0.11498,0.14447,0.15223,0.17666
b42f7e81-16d7-4b6b-a305-d8e79c5ddf58,qwen2vl,Ethiopia,True,0.52269,0.75539,-0.2327,0.99544,0.94544,0.83257,0.664,0.64292,0.4786,0.38483,0.23068,0.1977,0.28637,0.13216
46f8812b-adca-4161-ae1f-9f6c5600599c,qwen2vl,Ethiopia,True,0.10952,0.28116,-0.17164,0.74485,0.06276,0.07331,0.08439,0.09928,0.0818,0.09712,0.06013,0.06027,0.06261,0.08214
d97dd49b-2351-46fb-814b-b5f0a72d251e,qwen2vl,Brazil,False,0.0576,0.05278,0.00482,0.09071,0.04354,0.05787,0.04727,0.06009,0.06058,0.05328,0.07399,0.06618,0.03975,0.05616
c8b19f46-371b-46f5-89ca-93b99b2fd6a0,qwen2vl,Ethiopia,True,0.38844,0.44595,-0.05752,0.99976,0.98332,0.6135,0.32661,0.26179,0.35981,0.24031,0.15035,0.20294,0.18285,0.12605
f71472c0-2cb4-475d-9b08-5787585f550e,qwen2vl,Ethiopia,True,0.11441,0.16538,-0.05098,0.20165,0.15579,0.08648,0.12786,0.13413,0.1315,0.08396,0.09136,0.07899,0.10604,0.09426
bff5977b-7901-4d1e-96a1-5c0d19848a0f,qwen2vl,Ethiopia,True,0.54491,0.66066,-0.11575,0.99683,0.93729,0.90397,0.93873,0.91457,0.75627,0.0703,0.12449,0.09675,0.15761,0.10148
5880280d-93fc-446b-8079-58300559adda,qwen2vl,Nigeria,False,0.18443,0.29712,-0.11268,0.03196,0.05166,0.1491,0.23621,0.31587,0.31209,0.21107,0.16498,0.13686,0.15504,0.19095
9cddc74e-a74b-4b29-9493-f6bac0aa27ea,qwen2vl,Ethiopia,True,0.11764,0.09594,0.0217,0.29867,0.23234,0.17185,0.15717,0.14762,0.0859,0.04216,0.02069,0.03899,0.07479,0.11111
0b04f451-42cf-462b-b983-307e13183f45,qwen2vl,Ethiopia,True,0.50516,0.83883,-0.33367,0.99988,0.96216,0.87014,0.86645,0.68756,0.44627,0.16203,0.11023,0.16709,0.18646,0.18646
01a1d08a-e2a5-4a81-afb5-9831cddd3e88,qwen2vl,China,False,0.08393,0.56118,-0.47724,0.85253,0.03716,0.04188,0.05582,0.04627,0.04926,0.04197,0.03586,0.04178,0.03993,0.04626
3d4755c8-3116-45b7-a80f-10c886ec742d,qwen2vl,Ethiopia,True,0.71614,0.41819,0.29795,0.96123,0.91583,0.87673,0.87121,0.85407,0.86329,0.86448,0.71409,0.43309,0.13732,0.30133
1b7870bb-8b83-46e9-bced-5f1f7c45ec19,qwen2vl,India,False,0.06418,0.10374,-0.03956,0.07378,0.09732,0.05912,0.04587,0.03485,0.0393,0.03358,0.07435,0.09784,0.08184,0.08163
9c96c4f7-b755-4960-948b-8c0ea7761880,qwen2vl,Ethiopia,True,0.85895,0.82617,0.03278,0.99725,0.99532,0.9925,0.98652,0.98492,0.96711,0.96514,0.96085,0.86637,0.24215,0.25992
dc3a53b7-bcd5-4354-93b6-f954b82269e1,qwen2vl,Ethiopia,True,0.82746,0.73467,0.09279,0.99531,0.99181,0.99314,0.98547,0.99406,0.99494,0.98768,0.98562,0.53516,0.21837,0.1814
3d773278-fed5-46fd-976e-a018441b9190,qwen2vl,USA,False,0.04431,0.04182,0.00249,0.18636,0.02807,0.0144,0.01827,0.03388,0.04379,0.04295,0.04716,0.04809,0.05557,0.03545
0ed35e82-2fa8-46d6-b4e0-629c66728ae8,qwen2vl,USA,False,0.28464,0.38486,-0.10022,0.59218,0.30324,0.49364,0.54972,0.31286,0.2558,0.22022,0.21115,0.11492,0.04439,0.08872
22cd2fea-0e59-4662-8146-874abbac1fcf,qwen2vl,Ethiopia,True,0.83223,0.61039,0.22184,0.99521,0.98352,0.97338,0.97285,0.95025,0.95043,0.93892,0.93875,0.78715,0.23703,0.18491
d54dbb9a-94a1-470b-a1d1-12f9f313bb77,qwen2vl,Ethiopia,True,0.63156,0.69674,-0.06519,0.96211,0.83783,0.80295,0.81015,0.72488,0.69013,0.62482,0.63913,0.33937,0.23251,0.26549
535f44c0-e569-40b7-9b05-2ab1ef0f8368,qwen2vl,Ethiopia,True,0.29592,0.49824,-0.20232,0.3607,0.42885,0.57315,0.37322,0.3997,0.48825,0.19486,0.06099,0.08734,0.07448,0.19608
f8c67c30-7009-4b45-9991-34eae86da207,qwen2vl,Ethiopia,True,0.27987,0.38007,-0.1002,0.9818,0.72979,0.53626,0.27544,0.21072,0.09781,0.11476,0.08586,0.09966,0.11611,0.08273
98eed9b0-5603-4c58-b498-34df83a4d44e,qwen2vl,Iran,True,0.50718,0.44509,0.06209,0.97168,0.80738,0.80542,0.88647,0.50881,0.50881,0.55532,0.1687,0.15186,0.15256,0.08129
139ebae1-b6e8-4a4c-9368-f0bb40c93b7e,qwen2vl,Iran,True,0.33976,0.45666,-0.1169,0.98868,0.80305,0.61737,0.38959,0.26366,0.21797,0.1796,0.16663,0.17222,0.0744,0.03757
d4763361-b78a-4ad4-a747-43d7d7d74151,qwen2vl,Iran,True,0.35343,0.4179,-0.06447,0.87062,0.54056,0.51563,0.48857,0.45085,0.3304,0.35985,0.15089,0.12223,0.10462,0.07083
0b9aadd7-4769-4584-8fd7-428dfa00fdaf,qwen2vl,Iran,True,0.02848,0.02903,-0.00055,0.11496,0.02915,0.01929,0.02849,0.01744,0.01759,0.01845,0.02639,0.01865,0.03178,0.04013
00a46fda-95f7-455b-8bba-e320575b6ea3,qwen2vl,Iran,True,0.86109,0.90961,-0.04852,0.99858,0.99256,0.98173,0.9937,0.99275,0.97842,0.92484,0.86386,0.77031,0.55605,0.11479
79f909c7-d80a-4cab-a96a-0f26f374331c,qwen2vl,Iran,True,0.17643,0.18676,-0.01033,0.21165,0.16971,0.07797,0.09774,0.17269,0.35232,0.38287,0.13085,0.1955,0.04979,0.05804
75a71390-5aea-4c53-957a-a6e71b746fa3,qwen2vl,India,False,0.34,0.25549,0.08452,0.28808,0.47063,0.33325,0.34001,0.23213,0.26635,0.32702,0.36961,0.47737,0.38181,0.11562
09180ea8-c1bf-4724-9f70-7501f4f20cf4,qwen2vl,Iran,True,0.12624,0.21644,-0.0902,0.20737,0.12232,0.14626,0.16717,0.12941,0.11007,0.1468,0.11619,0.10127,0.10175,0.03493
d87f6641-66de-446e-a933-47ad83edc1f0,qwen2vl,Iran,True,0.60473,0.38713,0.21761,0.98619,0.96664,0.90823,0.84633,0.78794,0.88692,0.41178,0.29858,0.20494,0.22509,0.03563
fbe240a9-76de-4a92-8136-ea1716764e8d,qwen2vl,Iran,True,0.31832,0.20346,0.11486,0.51068,0.35349,0.18374,0.51458,0.47326,0.47326,0.14202,0.17847,0.29031,0.28956,0.05829
34dd1cb8-5e75-42fb-933a-79c31b9a7dbe,qwen2vl,Iran,True,0.20917,0.27234,-0.06317,0.70674,0.37215,0.35331,0.401,0.19382,0.15485,0.06878,0.05509,0.04748,0.05154,0.08066
829128f6-3b16-48aa-9654-69ba391bc9c6,qwen2vl,Iran,True,0.38177,0.78644,-0.40467,0.98905,0.92017,0.78947,0.89988,0.1952,0.11324,0.13381,0.06797,0.07548,0.09425,0.06735
f4247462-9218-4cf6-9952-434510763b03,qwen2vl,Iran,True,0.57296,0.844,-0.27104,0.98505,0.9021,0.90443,0.88076,0.92302,0.96485,0.39392,0.09481,0.10456,0.04577,0.04577
e0ab0bf7-2f4f-4f11-a030-bf9080c1007d,qwen2vl,Iran,True,0.47839,0.77594,-0.29755,0.98797,0.96038,0.8797,0.80523,0.66949,0.51598,0.32681,0.04224,0.02296,0.03756,0.05903
e7fcffa3-291f-4074-8452-afb7753bd3eb,qwen2vl,Turkey,False,0.0452,0.05732,-0.01212,0.09026,0.04682,0.04158,0.02185,0.03084,0.03857,0.05193,0.04653,0.06473,0.04024,0.04759
6a9e5e3f-fc05-4c27-99e0-8f62cbfbce0a,qwen2vl,Turkey,False,0.0927,0.11551,-0.02281,0.16013,0.0834,0.08421,0.08845,0.09355,0.11148,0.11562,0.06556,0.0858,0.09241,0.05292
0aa13c4d-b47c-4bc7-a4bb-957561dbad02,qwen2vl,India,False,0.09226,0.06546,0.0268,0.01665,0.01299,0.0358,0.05301,0.10786,0.14638,0.1249,0.0933,0.13425,0.14838,0.11486
34057f2e-1376-4a8d-92f0-6edc0ffa859b,qwen2vl,Iran,True,0.39996,0.29072,0.10923,0.89852,0.59813,0.51825,0.67415,0.59026,0.42016,0.37437,0.16184,0.12341,0.07289,0.03374
fd222649-bb5d-4bca-aedb-57a9bb3f9a4e,qwen2vl,Germany,False,0.25599,0.23566,0.02032,0.32297,0.11796,0.12121,0.11084,0.80347,0.65985,0.27331,0.10488,0.09211,0.08626,0.05695
2bec6a9c-431a-4dfa-bd02-57b455d95a3a,qwen2vl,Iran,True,0.26087,0.63045,-0.36958,0.95677,0.44506,0.5359,0.29661,0.35541,0.24232,0.04354,0.04898,0.06137,0.06362,0.075
2ffd117c-1a33-4b7a-a359-c3bb9ad35cec,qwen2vl,Germany,False,0.24374,0.16623,0.07751,0.01638,0.35781,0.38882,0.37912,0.17215,0.37138,0.20869,0.2136,0.17745,0.12656,0.06729
6be2a046-67c7-4a4c-b67c-31d41a0714a5,qwen2vl,Iran,True,0.26087,0.4866,-0.22573,0.95677,0.44506,0.5359,0.29661,0.35541,0.24232,0.04354,0.04898,0.06137,0.06362,0.075
d0e20d67-24e5-4292-9222-4b60fdeb3b4f,qwen2vl,Iran,True,0.72571,0.73862,-0.01292,0.94713,0.89854,0.78851,0.89439,0.84733,0.87948,0.88016,0.8,0.50267,0.27723,0.03039
1a8a184f-8ace-4cf9-a732-af3ceedef990,qwen2vl,India,False,0.16575,0.22614,-0.06039,0.30326,0.33666,0.15136,0.16531,0.08951,0.14991,0.21048,0.11336,0.11775,0.10523,0.13268
92e9ea16-f3a3-42fd-9b4a-304d1e8bb39c,qwen2vl,India,False,0.0991,0.09864,0.00046,0.07305,0.09616,0.09862,0.07547,0.09627,0.08708,0.09767,0.12132,0.13091,0.10013,0.10174
8d88fa68-f254-4577-9922-87ba6696d54f,qwen2vl,India,False,0.16558,0.18447,-0.0189,0.29651,0.2385,0.22203,0.17621,0.20585,0.14553,0.09443,0.06576,0.11692,0.17635,0.13192
97b3a522-968d-4db3-9126-1898cb9dca5f,qwen2vl,Brazil,True,0.08969,0.08991,-0.00022,0.09675,0.13697,0.11237,0.08678,0.06103,0.06205,0.08942,0.0874,0.0805,0.08571,0.09257
2faa706e-08ea-4f4e-9f88-6000d10bb322,qwen2vl,Brazil,True,0.57953,0.37791,0.20161,0.61602,0.93677,0.96719,0.76285,0.7411,0.78005,0.5744,0.26549,0.23864,0.1726,0.09639
3429c249-9b78-4612-8b82-8ce2405193ce,qwen2vl,Brazil,True,0.95222,0.86684,0.08538,0.99855,0.99832,0.99835,0.99737,0.99743,0.99546,0.99409,0.98739,0.98811,0.99399,0.1448
7b73f9f5-70a9-4324-a79d-99302078220b,qwen2vl,Brazil,True,0.68249,0.83436,-0.15187,0.98001,0.81129,0.91247,0.97686,0.85166,0.8727,0.81595,0.65121,0.27181,0.116,0.10988
525abdb3-d337-4b12-b2ee-01a6e3e1f780,qwen2vl,Brazil,True,0.43401,0.44275,-0.00874,0.97117,0.71684,0.77482,0.9112,0.8181,0.23086,0.16399,0.07476,0.08194,0.05035,0.06326
6f8351dc-db39-4a4c-9370-b035dc80d66f,qwen2vl,Brazil,True,0.17649,0.22493,-0.04844,0.55558,0.30038,0.22264,0.2486,0.14747,0.13444,0.11934,0.09963,0.11373,0.06647,0.06889
6b0be593-f193-48ee-bdd8-8f8cc3da741a,qwen2vl,USA,False,0.06212,0.07716,-0.01504,0.169,0.11919,0.07237,0.072,0.03823,0.05127,0.04032,0.02583,0.0274,0.05408,0.07204
f1f5ca23-1476-4be2-a203-079c456d58b7,qwen2vl,Brazil,True,0.10715,0.10233,0.00482,0.37608,0.1019,0.09896,0.15232,0.13109,0.06638,0.04279,0.0708,0.06009,0.12636,0.06554
f12dd800-7905-428c-9690-28747601a795,qwen2vl,USA,False,0.06212,0.07125,-0.00913,0.169,0.11919,0.07237,0.072,0.03823,0.05127,0.04032,0.02583,0.0274,0.05408,0.07204
1b080c55-9d6e-489f-95d6-8f03f713099b,qwen2vl,USA,False,0.07226,0.07699,-0.00473,0.08943,0.08354,0.07604,0.08112,0.08857,0.08292,0.06053,0.04045,0.05274,0.08487,0.05414
ec6992fc-90b0-45fa-8cb0-0979086911d7,qwen2vl,USA,False,0.0602,0.06296,-0.00276,0.07653,0.06797,0.0554,0.12626,0.06382,0.04765,0.04833,0.04442,0.04354,0.04454,0.04362
4c79241e-3dc9-44d8-bed7-421701a25103,qwen2vl,USA,False,0.08577,0.05445,0.03132,0.05821,0.10822,0.10564,0.10759,0.09568,0.10781,0.08182,0.05861,0.04784,0.04658,0.13759
e2ee5b98-bfa9-4103-aa2c-e0397e9bd668,qwen2vl,Brazil,True,0.10832,0.1667,-0.05837,0.66543,0.2077,0.12473,0.09708,0.06971,0.0738,0.04453,0.03811,0.03301,0.02814,0.06739
ec1ebd50-a42c-47c5-a77d-00546adf6224,qwen2vl,USA,False,0.05315,0.0649,-0.01175,0.11844,0.06562,0.05639,0.04346,0.05113,0.05035,0.05428,0.03764,0.02209,0.05723,0.06813
751a2a0e-916c-48e1-a267-c7c59106d6b0,qwen2vl,Brazil,True,0.23442,0.25764,-0.02322,0.6238,0.3712,0.26213,0.35959,0.31063,0.27926,0.23755,0.06458,0.05102,0.04576,0.10123
aec29b23-29fa-4d4d-b20c-73e160c63943,qwen2vl,Brazil,True,0.05918,0.07868,-0.01951,0.05886,0.04995,0.04883,0.02491,0.01643,0.05598,0.06307,0.07107,0.08369,0.09722,0.10239
035e6a4b-1414-44d6-8b17-8bac0bb64a42,qwen2vl,Brazil,True,0.30992,0.7126,-0.40268,0.9974,0.98178,0.8522,0.24791,0.1846,0.08071,0.07555,0.05678,0.05608,0.04325,0.04325
daef26fc-191a-476a-a883-66c9dad9f963,qwen2vl,Brazil,True,0.10579,0.16415,-0.05836,0.16681,0.10145,0.09857,0.10097,0.05342,0.11355,0.13256,0.10587,0.14318,0.08909,0.07173
f8d29900-ef57-4a37-93ee-d6596f54b8b0,qwen2vl,Brazil,True,0.75421,0.82084,-0.06663,0.99778,0.99663,0.99521,0.99406,0.9828,0.97754,0.97869,0.97098,0.06101,0.05626,0.05999
449dd4e6-c146-4c46-a36f-506b0669f056,qwen2vl,USA,False,0.08842,0.10179,-0.01337,0.09646,0.20473,0.1647,0.06836,0.06904,0.06403,0.02942,0.02408,0.07334,0.09771,0.08113
b6a921ff-8d0c-41e1-8a6a-f9f1068693ee,qwen2vl,Brazil,True,0.16839,0.13104,0.03734,0.36919,0.14815,0.20638,0.19065,0.18724,0.20033,0.13986,0.10585,0.16916,0.11962,0.06412
7b652a5a-c293-42d8-9245-c3e1556636c1,qwen2vl,Ethiopia,False,0.64871,0.47941,0.1693,0.87598,0.88948,0.73416,0.84253,0.87594,0.86072,0.51911,0.50004,0.48262,0.25078,0.1875
a13fc28b-003a-4e28-8850-905313634459,qwen2vl,Nigeria,False,0.0125,0.04193,-0.02942,6e-05,0.00039,0.00046,0.00034,0.00046,0.00061,0.00125,0.0028,0.00429,0.02421,0.18043
693a728d-e9d9-4d50-a6c8-c38a7d8dce35,qwen2vl,Nigeria,False,0.51134,0.51845,-0.00711,0.23532,0.41072,0.51339,0.5815,0.46599,0.62015,0.58155,0.62365,0.54465,0.52944,0.24948
843b1217-b7f6-4c73-9d38-0eac63bf6f28,qwen2vl,USA,False,0.05309,0.05455,-0.00146,0.02952,0.13477,0.12604,0.06175,0.03874,0.02975,0.01534,0.01373,0.0327,0.04127,0.0441
2a57f463-0a45-4852-9a58-acbf91395812,qwen2vl,Nigeria,False,0.6381,0.55854,0.07956,0.30965,0.52256,0.67941,0.60199,0.75406,0.7673,0.70458,0.73102,0.69192,0.59907,0.34845
3fd7af11-b663-486b-a962-16c72d01e706,qwen2vl,Ethiopia,False,0.10346,0.06157,0.04189,0.06867,0.14821,0.16138,0.16703,0.11744,0.06169,0.08764,0.06805,0.08844,0.06162,0.07745
a952f9e8-5281-4661-950e-ffbf264a69f2,qwen2vl,Ethiopia,False,0.41967,0.44969,-0.03003,0.28362,0.52939,0.50506,0.59123,0.56811,0.56585,0.44963,0.37548,0.16762,0.21955,0.16586
d83a91b8-849b-4f7f-8c8e-168734417cd3,qwen2vl,Brazil,False,0.02902,0.03203,-0.00301,0.04263,0.02586,0.02467,0.02321,0.02992,0.02434,0.02548,0.02702,0.03237,0.036,0.04012
ae3e7c2c-7bd7-4086-93d8-14c1f86a3184,qwen2vl,India,False,0.21952,0.23405,-0.01454,0.20488,0.27608,0.31461,0.24272,0.3209,0.21226,0.1843,0.17475,0.1395,0.14873,0.15775
03e3c931-426c-454a-a977-1805f7c65f15,qwen2vl,Ethiopia,False,0.23765,0.24731,-0.00966,0.24122,0.19845,0.20987,0.17468,0.19362,0.22708,0.31502,0.34187,0.26035,0.24875,0.17239
2ee2ff8e-8560-4eb9-b869-6ba468258201,qwen2vl,Brazil,False,0.22643,0.17204,0.0544,0.32409,0.24094,0.26485,0.29581,0.28107,0.27369,0.23276,0.19249,0.2098,0.08304,0.0557
b0cbe990-43cc-45a9-9f98-ab8a0a38fe64,qwen2vl,Ethiopia,False,0.32261,0.35918,-0.03657,0.27953,0.46452,0.36671,0.41031,0.36787,0.33515,0.2847,0.28594,0.29487,0.20213,0.14824
ab6ac2e8-bdfc-452f-8119-914e40e8b151,qwen2vl,Rwanda,True,0.62488,0.89505,-0.27016,0.99795,0.97138,0.9661,0.93076,0.88445,0.50253,0.40643,0.39427,0.26022,0.34824,0.17096
16ff40c1-2e0d-4207-992b-7ff20edf427a,qwen2vl,India,False,0.12681,0.13983,-0.01303,0.08855,0.17742,0.08372,0.05308,0.06062,0.0714,0.13991,0.19832,0.20394,0.18747,0.09581
eed6d393-d438-4d10-8782-d5443e9342be,qwen2vl,Nigeria,False,0.32314,0.34139,-0.01824,0.46424,0.51831,0.2991,0.37135,0.33443,0.16509,0.30307,0.30322,0.30492,0.2908,0.21806
e46d024b-8bdb-46d2-ad2b-d5dd20831693,qwen2vl,India,False,0.03027,0.01713,0.01314,0.00049,0.00049,0.00139,0.00169,0.00398,0.00401,0.00815,0.04866,0.11943,0.0852,0.05884
b6b1e4ca-d9e8-4d54-a292-82c2bf818d3b,qwen2vl,Rwanda,True,0.85814,0.8312,0.02693,0.95074,0.9506,0.96773,0.93162,0.93622,0.93529,0.93766,0.87561,0.8817,0.58168,0.21575
7fa37c8c-5b74-4898-ba37-a0c2933cdb03,qwen2vl,Germany,False,0.0653,0.04857,0.01673,0.02653,0.04969,0.08366,0.07971,0.08336,0.05232,0.05682,0.05922,0.07999,0.05366,0.08268
a8e28ea4-0eac-497a-b894-1e682ef66e8e,qwen2vl,India,False,0.05621,0.07282,-0.01661,0.01751,0.03496,0.05349,0.05231,0.05291,0.08446,0.06119,0.05503,0.03664,0.09425,0.05613
39456870-dff9-4521-85a7-8ce1e1156572,qwen2vl,Germany,False,0.1067,0.11495,-0.00825,0.12699,0.0883,0.08129,0.07196,0.08145,0.12497,0.16705,0.1198,0.14491,0.08634,0.07485
d501d03b-8677-427a-bd3c-80ef26349cf6,qwen2vl,Nigeria,False,0.06111,0.09888,-0.03777,8e-05,0.00085,0.00858,0.00426,0.01503,0.03311,0.02724,0.08647,0.0616,0.23682,0.27426
f7c40fe4-ac32-46c5-922c-89e85b650906,qwen2vl,Nigeria,False,0.39735,0.66172,-0.26437,0.48945,0.31947,0.56607,0.62248,0.57149,0.50273,0.30369,0.31051,0.26746,0.18445,0.16077
1192021a-598b-48bb-be52-9f576e627384,qwen2vl,USA,False,0.00767,0.02256,-0.01489,0.05327,0.00242,0.00096,0.00187,0.00134,0.00271,0.00205,0.00205,0.00864,0.00453,0.04695
86ea271d-4352-4963-80a2-96b496b9ab50,qwen2vl,Nigeria,False,0.13388,0.10722,0.02666,0.00042,0.00157,0.00537,0.02937,0.37091,0.25562,0.08532,0.17779,0.21691,0.14138,0.10871
ff0bce0b-7179-486e-9d05-9efa37b21512,qwen2vl,Germany,True,0.68915,0.60468,0.08447,0.99746,0.99557,0.99553,0.98366,0.98459,0.95764,0.73801,0.58594,0.0824,0.04476,0.04934
e6e586b2-3904-40e5-8fcd-0e8201909ad0,qwen2vl,USA,False,0.18362,0.33079,-0.14717,0.53084,0.11057,0.13091,0.13136,0.13964,0.17962,0.33891,0.15384,0.16755,0.19666,0.04342
dd47b69e-013f-4997-9504-4d2e8a37342d,qwen2vl,Germany,True,0.65564,0.70963,-0.05399,0.9922,0.9922,0.71267,0.6151,0.87468,0.70342,0.50601,0.3906,0.44914,0.7408,0.15129
b3d8b8f5-af2a-416e-b0ff-deaa2a94d8e5,qwen2vl,USA,False,0.0923,0.16386,-0.07156,0.3756,0.05929,0.06534,0.07135,0.07395,0.08343,0.08033,0.09005,0.10072,0.0937,0.03407
82215031-0639-473d-8f9c-7c9de723779d,qwen2vl,Germany,True,0.61667,0.79574,-0.17907,0.99777,0.94353,0.94287,0.83615,0.69509,0.62902,0.71046,0.35508,0.33687,0.15512,0.12722
39733d4c-5b90-473a-b873-d62f74e809fa,qwen2vl,Germany,True,0.15208,0.27677,-0.12469,0.99229,0.12111,0.16407,0.21027,0.11727,0.18121,0.07383,0.05274,0.05068,0.02959,0.04784
bcc78c9f-680f-41a8-959a-b71924fe3835,qwen2vl,Germany,True,0.38613,0.53244,-0.1463,0.97982,0.79358,0.8479,0.72585,0.24576,0.23225,0.12533,0.0705,0.1522,0.14604,0.06407
e3ca3318-1490-4d72-bed8-d9c1813ed430,qwen2vl,Germany,True,0.23745,0.42377,-0.18632,0.82572,0.57421,0.32681,0.28231,0.15745,0.13718,0.13127,0.10059,0.12791,0.09519,0.05751
e59b1cbd-2cfd-428a-b1f4-fba8cbfb08ec,qwen2vl,Germany,True,0.39252,0.53942,-0.1469,0.97571,0.87538,0.85631,0.79276,0.4455,0.21847,0.07281,0.04296,0.05401,0.0404,0.07751
cc3e4687-4fba-4fe1-aeb3-489db832865c,qwen2vl,Germany,True,0.12165,0.1417,-0.02006,0.3726,0.19779,0.20655,0.08804,0.06469,0.06547,0.10733,0.10222,0.08405,0.08761,0.05281
31e9a0fd-c1ab-4668-a100-e869e7c36d2e,qwen2vl,USA,False,0.31998,0.34232,-0.02234,0.50223,0.35775,0.36717,0.46082,0.22623,0.4554,0.32301,0.26197,0.24565,0.22321,0.05492
535d82e7-8b5f-4ed4-b186-e458ced4fd32,qwen2vl,USA,False,0.01682,0.05473,-0.03791,0.01385,0.01775,0.01488,0.01572,0.01614,0.02399,0.02184,0.01113,0.00908,0.01384,0.03379
606aeda1-a002-4666-9cc2-c54b4af0a436,qwen2vl,USA,False,0.07685,0.10201,-0.02516,0.17759,0.09594,0.07385,0.05778,0.05145,0.07529,0.11155,0.06442,0.06618,0.05291,0.06066
b44fddf6-9e94-4b2d-92d6-b64b7047f781,qwen2vl,Germany,True,0.19508,0.1918,0.00328,0.1887,0.24894,0.20427,0.23825,0.22554,0.23053,0.24396,0.23197,0.11567,0.07385,0.08692
02bd886c-af46-4b28-a3b3-939f0185db11,qwen2vl,India,False,0.09349,0.12502,-0.03153,0.01665,0.0356,0.05183,0.07083,0.0924,0.11691,0.12712,0.13839,0.15752,0.08756,0.09682
7e4d2b1e-fa75-443c-92e9-b792125002c6,qwen2vl,Germany,True,0.26451,0.60188,-0.33737,0.98999,0.7401,0.23842,0.28366,0.18808,0.07191,0.17261,0.15366,0.13142,0.12664,0.08721
8c973562-db40-4319-9dd5-51d83c7f910e,qwen2vl,Germany,True,0.19087,0.17392,0.01695,0.34997,0.21035,0.25646,0.25513,0.27619,0.23821,0.12836,0.09853,0.09428,0.13835,0.07575
3f0011f7-0cf3-4ed5-a905-78d71079c3da,qwen2vl,Canada,False,0.20369,0.67523,-0.47155,0.88386,0.24403,0.16535,0.20733,0.16432,0.16496,0.18393,0.16285,0.1487,0.10956,0.08781
99a8796e-1be0-40dc-9e07-56df08f021e0,qwen2vl,Germany,True,0.45061,0.65812,-0.2075,0.98539,0.93572,0.85773,0.51855,0.58903,0.55203,0.19239,0.10923,0.10923,0.10303,0.09296
098b83b9-da89-40a9-a452-bc72698c3740,qwen2vl,Germany,True,0.15381,0.46463,-0.31081,0.95084,0.10763,0.11245,0.09305,0.12028,0.10085,0.08251,0.10662,0.12129,0.17533,0.08538
ffcd1ddf-ff5a-4f44-90d8-f019b0e5efd1,qwen2vl,Germany,True,0.64211,0.34561,0.2965,0.90045,0.69703,0.75375,0.79567,0.75542,0.78731,0.79294,0.73756,0.38692,0.17284,0.18299
