u_id,max_score,mean_score,std_score,positive_fraction,entropy,top_patch_row,top_patch_col,country,facet,prediction,correct
fdd8ea6d-e848-4b9c-af83-8e1ad010ef1e,0.19579095,0.061446715,0.033560127,1.0,3.7428274,0,3,Canada,food,Brazil,False
4713f5b0-48da-4ab5-99bc-ffe12d7d62fa,0.06051728,0.008343466,0.018307423,0.7142857142857143,3.5827615,0,0,Nigeria,traditions,Nigeria,True
3b78bd2d-5f55-4480-8637-ccc22c549402,0.034915835,0.0033172723,0.013872013,0.6530612244897959,4.9041038,2,2,Nigeria,drink,Nigeria,True
3b78bd2d-5f55-4480-8637-ccc22c549402,0.047516078,0.0047980314,0.019888164,0.673469387755102,3.448793,1,1,Nigeria,drink,Nigeria,True
829128f6-3b16-48aa-9654-69ba391bc9c6,0.103696704,0.018619133,0.031389974,0.7346938775510204,3.514739,2,2,Iran,traditions,Iran,True
1bad08e1-1e74-421f-996f-5c435cb367e3,0.0024524927,7.417981e-05,0.00037447008,0.5918367346938775,2.9422586,3,3,China,traditions,China,True
f71472c0-2cb4-475d-9b08-5787585f550e,0.014053583,0.0060566845,0.005011647,0.8571428571428571,3.7045581,1,2,Ethiopia,drink,Brazil,False
16ff40c1-2e0d-4207-992b-7ff20edf427a,0.2397321,0.011592809,0.05747811,0.3877551020408163,3.2591598,0,2,Rwanda,food,Ethiopia,False
dca004c5-3d95-44e6-95ef-8116165e04a3,0.27516046,0.052697908,0.05967295,0.8571428571428571,3.720099,4,4,USA,drink,USA,True
a13fc28b-003a-4e28-8850-905313634459,0.06323178,-0.021273844,0.05698802,0.32653061224489793,3.1250546,3,4,Rwanda,clothing,Nigeria,False
fdc20e45-b3db-48bd-946b-8969194f3fde,0.046043172,0.015858585,0.015685923,0.8163265306122449,3.655819,6,5,India,rituals,Canada,False
2bec6a9c-431a-4dfa-bd02-57b455d95a3a,0.012632564,0.00042999702,0.0050922083,0.6122448979591837,3.5324473,3,4,Iran,clothing,Turkey,False
ec1ebd50-a42c-47c5-a77d-00546adf6224,0.019446775,-0.0026544018,0.0077348296,0.34183673469387754,4.881768,8,6,Brazil,rituals,Canada,False
bfa7333e-1ab0-4ebc-b11c-d7c0cc5a9e8c,3.85046e-05,1.2215303e-05,8.069345e-06,0.9591836734693877,3.7237396,6,4,Canada,clothing,Canada,True
843b1217-b7f6-4c73-9d38-0eac63bf6f28,0.3426462,0.06259937,0.060650337,1.0,3.5485847,3,4,Rwanda,clothing,USA,False
502a5fee-89c1-4f5d-b41d-9bdd65b11eb1,0.0069012046,0.0019075031,0.0018153071,0.8163265306122449,3.642629,5,0,China,traditions,China,True
e3ca3318-1490-4d72-bed8-d9c1813ed430,0.2225948,0.0872928,0.050834745,0.9795918367346939,3.7478232,3,0,Germany,food,Germany,True
e46d024b-8bdb-46d2-ad2b-d5dd20831693,0.07037613,0.019104438,0.015910648,0.8979591836734694,3.6219025,2,0,Rwanda,drink,Canada,False
f8c67c30-7009-4b45-9991-34eae86da207,0.119255826,0.024533413,0.045902155,0.8163265306122449,3.4504092,3,4,Ethiopia,rituals,Ethiopia,True
6b0be593-f193-48ee-bdd8-8f8cc3da741a,0.016396672,-0.004803145,0.01251359,0.42857142857142855,3.3978865,0,6,Brazil,clothing,Canada,False
803df59c-07e6-4459-a5cb-8c2e27237461,0.022203803,0.0023950497,0.0030369505,1.0,3.516142,5,2,China,drink,China,True
b2886064-331e-4c71-a625-d9d2c5cd9421,0.078504205,0.022777805,0.022831567,0.8571428571428571,3.6354654,0,2,China,drink,Brazil,False
0aa13c4d-b47c-4bc7-a4bb-957561dbad02,0.051383197,0.008420087,0.015865263,0.8367346938775511,3.5315843,3,4,Iran,drink,Brazil,False
606aeda1-a002-4666-9cc2-c54b4af0a436,0.0092211515,-0.010105299,0.0111320475,0.09183673469387756,4.8644986,5,0,Germany,rituals,Canada,False
3f0011f7-0cf3-4ed5-a905-78d71079c3da,0.62261564,0.021189213,0.102125674,0.8571428571428571,0.9391301,0,3,Germany,drink,Canada,False
2ee2ff8e-8560-4eb9-b869-6ba468258201,0.0009120703,0.000387269,0.00018519071,1.0,5.15713,3,0,Rwanda,food,Brazil,False
ac9a3d5c-63dd-4fbd-9676-9f913f4029f3,0.016818404,0.00090628804,0.0012926582,0.9948979591836735,4.908593,1,7,India,clothing,India,True
bcc78c9f-680f-41a8-959a-b71924fe3835,-0.119243324,-0.19378386,0.026653502,0.0,3.8819036,0,5,Germany,food,Brazil,False
a13fc28b-003a-4e28-8850-905313634459,0.04628835,-0.0085105905,0.025422791,0.3010204081632653,4.623381,6,9,Rwanda,clothing,Nigeria,False
1b080c55-9d6e-489f-95d6-8f03f713099b,0.019292772,0.006862443,0.0065546534,0.8571428571428571,3.7056315,2,1,Brazil,clothing,Turkey,False
82215031-0639-473d-8f9c-7c9de723779d,0.03124863,0.0049709785,0.0050864797,0.9183673469387755,4.954169,2,10,Germany,traditions,Germany,True
3a181f33-846c-43f8-8512-5919ce7088bf,0.05685848,0.0002776944,0.010391131,0.46938775510204084,3.2290742,0,5,Nigeria,rituals,Brazil,False
c62249de-cc8b-43b7-aa90-842dbd8d89e2,0.15449017,0.055045012,0.032807622,1.0,3.7252262,3,5,India,drink,Brazil,False
b6b1e4ca-d9e8-4d54-a292-82c2bf818d3b,0.13963121,0.0072096484,0.028607884,0.5510204081632653,3.4029796,2,1,Rwanda,drink,Ethiopia,False
a48d89f9-3486-46e8-a68c-c47ad537226f,0.077322595,0.03671418,0.023125693,0.9591836734693877,3.772893,6,2,Turkey,traditions,Turkey,True
aec29b23-29fa-4d4d-b20c-73e160c63943,0.02281481,0.0071827234,0.0058443495,0.8979591836734694,3.675082,3,6,Brazil,rituals,Turkey,False
75a71390-5aea-4c53-957a-a6e71b746fa3,0.10574046,0.024854446,0.027052687,0.8163265306122449,3.6306257,2,5,Iran,food,Brazil,False
6e72fc43-14d2-40a5-863c-62d14dc5facb,0.0200032,-0.018336281,0.015326626,0.08163265306122448,3.6795409,3,0,Nigeria,rituals,Ethiopia,False
2272ab97-94b6-4151-9ec6-763f05b0c22c,0.32250205,0.027147936,0.050018966,0.8979591836734694,3.4307718,4,2,Turkey,clothing,Germany,False
ab6ac2e8-bdfc-452f-8119-914e40e8b151,0.109250724,0.012399474,0.022805477,0.7755102040816326,3.2835007,2,2,Rwanda,food,Ethiopia,False
fd72fc17-d0df-47fd-9d0c-4e6803e873c0,0.16642916,0.058510225,0.040687695,0.8979591836734694,3.6688821,6,0,Turkey,food,Brazil,False
606aeda1-a002-4666-9cc2-c54b4af0a436,0.0053094327,-0.026928041,0.023677617,0.061224489795918366,3.5623736,2,0,Germany,rituals,Canada,False
97b3a522-968d-4db3-9126-1898cb9dca5f,0.10529637,0.031077988,0.023620406,1.0,3.644999,2,5,Brazil,food,Brazil,True
9ade2c60-6dfc-4eaf-bfc4-f317af15ac60,0.48272586,0.38684192,0.034439415,1.0,3.887825,3,3,Rwanda,rituals,Brazil,False
4457fdf9-a623-41bd-8a0d-fd42128f38b3,0.037474513,0.004729686,0.017555626,0.6326530612244898,3.612758,5,6,Nigeria,clothing,Nigeria,True
d54dbb9a-94a1-470b-a1d1-12f9f313bb77,0.17965639,0.018097213,0.060435135,0.6530612244897959,3.420579,4,1,Ethiopia,rituals,Ethiopia,True
8c973562-db40-4319-9dd5-51d83c7f910e,0.033263445,0.0041873604,0.006557914,0.7346938775510204,3.4517536,5,0,Germany,drink,Turkey,False
b0cbe990-43cc-45a9-9f98-ab8a0a38fe64,0.18433535,0.063295335,0.05466382,0.8775510204081632,3.6418562,2,2,Rwanda,food,Brazil,False
99a8796e-1be0-40dc-9e07-56df08f021e0,0.040183336,0.0025176115,0.014363855,0.5306122448979592,3.4323428,4,4,Germany,drink,Brazil,False
c6582a96-d4df-4b5a-8a86-3652687aa1e8,0.028591052,0.010688491,0.012064824,0.8367346938775511,3.6988924,0,1,Nigeria,food,Brazil,False
5c7b7038-b58d-4a21-b867-b7a72612ff55,0.19447249,0.071980536,0.05542192,0.8979591836734694,3.6837993,4,0,India,food,Brazil,False
e2ee5b98-bfa9-4103-aa2c-e0397e9bd668,0.058719337,0.016384343,0.009898944,1.0,3.7372653,3,4,Brazil,rituals,Brazil,True
0c62e0fb-0aea-49a7-b333-b15a64c8359f,-0.027436972,-0.062234335,0.02705916,0.0,3.8097153,3,6,Canada,food,Turkey,False
2b697bc6-809b-4d92-aa10-10c31472acaa,0.03259693,-0.00520844,0.012343687,0.3469387755102041,3.44918,4,3,USA,clothing,Germany,False
0f7abdc3-c885-4d91-bb7d-67f1c607a7d0,0.07427758,0.017870544,0.016538702,0.8775510204081632,5.0919237,0,3,India,traditions,Canada,False
4efc5850-d150-471b-8188-4f35d3b63b48,0.4158459,-0.010429553,0.09177912,0.1836734693877551,3.440632,3,3,Turkey,clothing,Brazil,False
6c905b2d-0ff6-4c21-b0ef-50861a2cc2b5,0.018914938,-0.052904285,0.03220225,0.02040816326530612,3.7202456,5,3,Canada,food,Brazil,False
f7c40fe4-ac32-46c5-922c-89e85b650906,-0.002725631,-0.07091711,0.04843542,0.0,3.6616588,6,1,Rwanda,rituals,Nigeria,False
6edf17b0-f94a-42d4-b233-4234439deda4,0.19876105,-0.017937891,0.057632737,0.2857142857142857,3.5918,2,2,Nigeria,food,Brazil,False
4c79241e-3dc9-44d8-bed7-421701a25103,0.046962827,0.0016012867,0.016722001,0.46938775510204084,3.6129627,3,1,Brazil,rituals,Canada,False
8d88fa68-f254-4577-9922-87ba6696d54f,0.22972614,0.08012622,0.057398774,0.9591836734693877,3.6436324,2,3,Brazil,food,Brazil,True
2b514973-2195-4908-8bda-3f958deb8bdb,0.0391742,-0.0108023845,0.028869119,0.3469387755102041,3.5707028,4,3,Turkey,food,Brazil,False
6518121e-ba08-4e76-aa33-2c2e00598fdd,0.08056751,0.0030381642,0.02656625,0.49489795918367346,4.745035,1,7,Nigeria,drink,Nigeria,True
a5ffd0e5-343e-484b-92dc-aa8f00b18e98,0.17993459,-0.0049734637,0.025406897,0.3826530612244898,4.8546124,7,6,Turkey,clothing,Brazil,False
4e2b3e11-9de8-4bfb-99c2-0bac3f7c7618,0.20053208,0.12610736,0.03257905,1.0,3.8568738,3,3,India,food,Brazil,False
535d82e7-8b5f-4ed4-b186-e458ced4fd32,0.15056372,0.0046938085,0.021196615,0.8571428571428571,2.007384,4,3,Germany,rituals,Germany,True
1a2b2bda-ede8-4e7c-99a6-7072401066e6,0.9095528,0.02226977,0.12818067,0.9795918367346939,1.0348821,3,6,Turkey,drink,Turkey,True
f555701d-40c7-4400-9bdc-eda62ace2912,0.051529646,0.023900464,0.008731697,1.0,3.8242273,2,5,Ethiopia,traditions,Turkey,False
443e4b25-3d4a-40e3-a270-e48c9d37f105,0.2868636,-0.07973813,0.071763515,0.02040816326530612,3.7298322,6,6,Turkey,traditions,Canada,False
2fd3e1c4-4980-4f7d-8876-69cd79654a75,0.116796315,0.018974785,0.023870165,0.8571428571428571,3.424446,3,5,USA,drink,Brazil,False
f3dee24e-9af4-4a3e-b21c-ad8bf74510dc,0.18605444,0.029193742,0.042825066,0.9183673469387755,3.3568032,3,1,USA,clothing,Nigeria,False
e2af3f45-8230-49e5-9fb2-19c8b42b9816,0.1200788,0.02769271,0.03836184,0.7551020408163265,3.6287136,2,5,Turkey,traditions,Brazil,False
f7a3dcee-b9cb-4f4b-94b6-617336a4d320,0.18789321,0.051426124,0.059643593,0.7959183673469388,3.4993594,1,1,Turkey,food,Brazil,False
2faa706e-08ea-4f4e-9f88-6000d10bb322,0.50567627,0.024692092,0.0898255,0.9795918367346939,1.6958082,4,3,Brazil,traditions,Brazil,True
d83a91b8-849b-4f7f-8c8e-168734417cd3,0.0048253536,0.0013860792,0.0013116323,0.8571428571428571,3.4843628,1,1,Rwanda,traditions,Brazil,False
4048bef4-586f-466a-8f53-3a1332979fcd,0.030371312,-0.013231111,0.019202659,0.2653061224489796,3.531536,1,3,India,drink,Canada,False
e43999fc-df28-41f1-982f-64a51d79acb7,0.06677133,0.010527852,0.011841523,0.8775510204081632,3.5449772,2,3,Turkey,rituals,Turkey,True
79f909c7-d80a-4cab-a96a-0f26f374331c,0.0349347,0.0071763163,0.01626377,0.7551020408163265,3.6038752,6,4,Iran,food,India,False
a82f3319-8037-44df-bcab-0d39d14590e6,0.096321315,0.0016779228,0.020068908,0.6122448979591837,4.805015,9,6,India,food,Brazil,False
7e4d2b1e-fa75-443c-92e9-b792125002c6,0.021671414,0.002776567,0.004028903,0.8979591836734694,3.4681127,0,4,Germany,drink,Germany,True
f1f5ca23-1476-4be2-a203-079c456d58b7,0.013333559,0.004140163,0.0029912093,0.9591836734693877,3.6484752,6,4,Brazil,clothing,Brazil,True
a2ccb005-d747-43f8-8315-2518a1ece07d,0.06314892,-0.01829067,0.040177405,0.2857142857142857,3.5580325,0,6,Nigeria,traditions,Brazil,False
92e9ea16-f3a3-42fd-9b4a-304d1e8bb39c,0.086900234,0.043660533,0.018821325,1.0,3.795798,0,6,Brazil,food,Brazil,True
eced265e-c274-45b9-9e1d-16ab6fbad9cd,0.011864604,0.00095385965,0.0059869518,0.6122448979591837,3.6467414,3,1,India,clothing,Nigeria,False
d97dd49b-2351-46fb-814b-b5f0a72d251e,0.05043143,0.011986757,0.011120714,0.8877551020408163,5.0141416,0,2,Ethiopia,drink,Brazil,False
b42f7e81-16d7-4b6b-a305-d8e79c5ddf58,0.49798506,0.027810222,0.08102724,0.9795918367346939,2.4697614,2,5,Ethiopia,drink,Ethiopia,True
7174dc33-dbe6-4c70-a3ef-ae0be8ab6b29,0.010487199,-0.005102924,0.006057314,0.20408163265306123,3.6909218,0,0,Canada,food,Canada,True
ecd4f0c8-0bb6-4a35-ac36-66588d7d4185,0.1812768,0.013011933,0.032555953,0.7346938775510204,2.6828053,0,3,Nigeria,food,Brazil,False
0c06402c-32eb-4fb0-bd5c-3d8ce5f6e9e2,0.016775131,0.0033167722,0.004034378,0.8979591836734694,3.3592823,3,3,India,clothing,India,True
c67a3887-7cf3-4455-8122-e60eedd643a7,0.045854896,0.0060334094,0.01036994,0.7142857142857143,3.5338159,1,3,Turkey,clothing,Turkey,True
3fd7af11-b663-486b-a962-16c72d01e706,0.08816233,0.010020125,0.024115669,0.6326530612244898,3.6396155,1,3,Rwanda,traditions,Brazil,False
035e6a4b-1414-44d6-8b17-8bac0bb64a42,0.14529562,0.039380733,0.031303532,0.9387755102040817,3.6011803,4,1,Brazil,drink,Brazil,True
6653f8dd-3fff-48a3-8e29-065917a610b0,0.44292352,0.06380201,0.07825201,1.0,3.4483778,1,4,Ethiopia,traditions,Ethiopia,True
591a4da1-0a04-4dc6-ba4e-a3526dbce1c6,0.05772218,0.013410013,0.01630005,0.8163265306122449,3.7255855,3,6,Canada,clothing,Canada,True
daef26fc-191a-476a-a883-66c9dad9f963,0.1660789,0.030924208,0.04163082,0.8163265306122449,3.4320388,1,4,Brazil,drink,Canada,False
09c667a0-2ed1-425e-8f15-f0d7b510b5ab,0.044600606,0.0035113255,0.00972942,0.42857142857142855,2.9196637,2,3,China,food,China,True
87161e09-edf6-46a7-acf4-1d2ba9f61348,0.028957665,0.0022402126,0.0043092147,0.9387755102040817,3.1292827,3,3,Canada,clothing,Canada,True
a6b53f36-7864-4876-a058-7e0be321388b,0.12207183,0.018778902,0.0263572,0.7551020408163265,3.3904197,2,3,USA,traditions,Canada,False
139ebae1-b6e8-4a4c-9368-f0bb40c93b7e,0.07098211,0.023153061,0.015233996,0.9591836734693877,3.718246,4,3,Iran,rituals,Turkey,False
61cd5c3a-9325-4cdf-9ff2-0e8625c8e8bc,0.11163485,-0.0007992697,0.05028783,0.6938775510204082,3.0183604,3,3,Brazil,food,Brazil,True
e7fcffa3-291f-4074-8452-afb7753bd3eb,0.06491083,0.0100689,0.0115057845,1.0,3.430069,1,2,Iran,drink,Brazil,False
6c905b2d-0ff6-4c21-b0ef-50861a2cc2b5,0.030765861,-0.03838595,0.019716088,0.04081632653061224,5.1613846,12,7,Canada,food,Brazil,False
449dd4e6-c146-4c46-a36f-506b0669f056,0.112971276,0.08867702,0.0058145756,1.0,3.8897502,1,4,Brazil,drink,Turkey,False
1b7870bb-8b83-46e9-bced-5f1f7c45ec19,0.19248676,0.09022449,0.045302927,1.0,3.7708747,4,3,Ethiopia,food,Brazil,False
184d6c08-7237-4f6b-b49d-04b5b2bef635,0.48882216,0.04203375,0.076158114,0.8979591836734694,3.5111306,2,6,Canada,traditions,Canada,True
a8f5c325-4cc4-4371-bd45-5d19156de028,0.14278007,0.041464616,0.033981163,0.9795918367346939,3.6047447,2,3,China,food,China,True
4048bef4-586f-466a-8f53-3a1332979fcd,0.036100686,-0.004846319,0.011964941,0.32653061224489793,4.8176603,2,6,India,drink,Canada,False
6ec6b59a-9126-4462-89ee-df55d996f4ab,0.09278023,0.017972475,0.015427301,0.8775510204081632,3.6302998,0,3,India,drink,Turkey,False
fd222649-bb5d-4bca-aedb-57a9bb3f9a4e,0.09495431,0.02061735,0.014895031,1.0,3.6938024,1,3,Iran,drink,Brazil,False
bff5977b-7901-4d1e-96a1-5c0d19848a0f,0.1893825,0.023908703,0.04169713,0.7959183673469388,3.1889718,3,2,Ethiopia,clothing,Ethiopia,True
60c2f1e2-820c-4c10-a873-af1a75d9e4db,0.13078415,0.021886466,0.029107746,0.7959183673469388,3.4289303,2,4,Nigeria,rituals,Nigeria,True
d501d03b-8677-427a-bd3c-80ef26349cf6,0.07261497,0.030333275,0.016584279,1.0,3.7427964,2,1,Rwanda,rituals,Nigeria,False
5db4404d-6fd6-4ebd-ad5f-15c8be7344d5,0.10177563,0.036329865,0.026138367,0.9387755102040817,3.7304206,2,2,China,food,Brazil,False
c4ba628f-6ccc-4659-88e0-989cf36c6b66,0.0007131696,0.000100523845,0.00016234197,0.7142857142857143,3.4446585,4,2,Canada,drink,Canada,True
a9aa210b-bfa3-4ff6-8c82-3c3e7b4544b5,0.021232963,-0.0015597064,0.0068972437,0.32653061224489793,3.5791535,3,5,India,clothing,India,True
22cd2fea-0e59-4662-8146-874abbac1fcf,0.0860579,0.016741244,0.02049411,0.7959183673469388,3.610214,6,4,Ethiopia,rituals,Ethiopia,True
87a16f79-2e21-4b11-93b2-4871169911e7,0.07931727,0.027990563,0.014658958,1.0,3.767738,2,5,USA,rituals,USA,True
a914a20e-7219-43e5-929a-a60eeb2b0eba,0.09720439,0.018485663,0.020253148,0.8979591836734694,3.493235,2,3,Canada,traditions,Canada,True
9f2b9f74-faa4-4b54-a4f1-aa65e32cb9f9,0.116796315,0.018974785,0.023870165,0.8571428571428571,3.424446,3,5,USA,drink,Brazil,False
a2ebb579-6a95-4ef6-90d3-7472f9739d27,0.0869146,0.008369954,0.03363481,0.5714285714285714,3.568815,1,0,Canada,traditions,Brazil,False
5473783d-ba57-45b2-8414-33eb26c36ccf,0.045873463,-0.005135069,0.010828745,0.20408163265306123,3.468105,2,4,USA,traditions,Canada,False
8869939b-17da-472e-8637-58d80e9291e7,0.039919153,0.0021742235,0.029417021,0.7551020408163265,3.4989908,2,1,Canada,traditions,Canada,True
ac9a3d5c-63dd-4fbd-9676-9f913f4029f3,0.038734376,0.003086662,0.005621548,1.0,3.2050483,0,3,India,clothing,India,True
7409a04b-e4e0-48a6-83aa-9ea94eeb78da,0.07464233,0.0016864825,0.02672611,0.5102040816326531,3.628214,4,0,Nigeria,traditions,Brazil,False
6518121e-ba08-4e76-aa33-2c2e00598fdd,0.09869625,0.005841855,0.042728666,0.6530612244897959,3.3997006,4,3,Nigeria,drink,Nigeria,True
d97dd49b-2351-46fb-814b-b5f0a72d251e,0.18050969,0.04551507,0.041486196,0.9591836734693877,3.528616,0,1,Ethiopia,drink,Brazil,False
08f8c99f-b47b-46f6-8e29-6bcaa11d8ab1,0.2222696,0.017033247,0.03228465,0.9387755102040817,3.1762936,2,1,China,traditions,China,True
41e6fcd3-a802-4639-a9f3-3943c6b1242a,0.11307308,0.056049805,0.025086086,1.0,3.7936764,0,6,India,rituals,Canada,False
c6f9ae05-ef81-4957-b6f0-7a177580e2d5,0.051747978,-0.010091301,0.013740348,0.12244897959183673,3.6417186,1,1,Turkey,food,Brazil,False
b3d8b8f5-af2a-416e-b0ff-deaa2a94d8e5,0.11267139,0.04642906,0.02445644,0.9795918367346939,3.7615957,5,1,Germany,traditions,USA,False
a2dcde1c-1b2c-4936-ac07-8e912413e23e,0.15302165,0.023124186,0.037804782,0.7959183673469388,3.4831598,0,3,USA,food,Turkey,False
6f8351dc-db39-4a4c-9370-b035dc80d66f,0.026623651,0.010723071,0.0074129305,0.8979591836734694,3.6883593,5,2,Brazil,traditions,Turkey,False
b6b1e4ca-d9e8-4d54-a292-82c2bf818d3b,0.09187055,0.0059347264,0.017164836,0.5867346938775511,4.848336,6,2,Rwanda,drink,Ethiopia,False
98eed9b0-5603-4c58-b498-34df83a4d44e,0.015388139,0.0004096354,0.0036818972,0.5306122448979592,4.9571633,0,6,Iran,rituals,Turkey,False
cc3e4687-4fba-4fe1-aeb3-489db832865c,0.028508522,0.011756655,0.006368373,0.9795918367346939,3.751214,1,0,Germany,food,Turkey,False
f009866e-207b-4ed4-b0d2-150b69a5d0b0,0.00068205595,0.00017433264,0.000103565144,1.0,3.7486575,2,5,China,food,China,True
22bb7d28-bb29-4a85-af25-85f66ce70d52,0.51238745,0.20274651,0.16913976,0.8775510204081632,3.6228335,4,5,China,rituals,China,True
fc76de15-b866-4251-af12-bd76901f7c3d,0.27165014,0.048769634,0.06994965,0.7346938775510204,3.4003084,5,2,Turkey,drink,Turkey,True
3d773278-fed5-46fd-976e-a018441b9190,0.03661871,0.017770402,0.009594044,0.9795918367346939,3.7322018,3,5,Ethiopia,food,Brazil,False
39e397ed-fa8c-40ee-974d-b2f01e397e64,0.12886065,-0.053486682,0.07161617,0.22448979591836735,3.6871572,4,3,India,food,Brazil,False
7d6f190c-4df7-4306-a1e9-b87ed1e3087c,0.050177336,0.023860442,0.009798326,1.0,3.81154,3,4,USA,rituals,Canada,False
bb027c12-2666-421b-a523-4bd7c4c30f20,0.12693429,-0.00328939,0.017148048,0.32653061224489793,4.9538774,4,2,Nigeria,traditions,Brazil,False
09180ea8-c1bf-4724-9f70-7501f4f20cf4,0.16364133,0.020285584,0.037693366,0.7346938775510204,3.4972262,4,5,Iran,food,Brazil,False
693a728d-e9d9-4d50-a6c8-c38a7d8dce35,0.060562126,0.010860066,0.027653353,0.673469387755102,3.591837,6,3,Rwanda,clothing,Nigeria,False
e3ddb612-2a9b-4cda-a547-572583a1e202,0.3052736,0.09153313,0.05254026,1.0,3.7434824,2,3,Turkey,food,Turkey,True
6a9e5e3f-fc05-4c27-99e0-8f62cbfbce0a,0.1561898,0.03881448,0.045524992,0.8571428571428571,3.568541,3,2,Iran,drink,Brazil,False
9463f29a-4672-4021-923f-3827ddcfae45,0.093012005,0.033250764,0.024167782,0.8775510204081632,3.6842656,4,3,Turkey,traditions,Turkey,True
746e8569-1091-499b-8de8-08bce681dd84,0.0011005998,9.4061e-05,0.00015335968,0.9795918367346939,3.3675098,2,1,Canada,rituals,Canada,True
7cde7484-09d6-4675-859f-c98293b98f27,0.033777084,0.001729386,0.009532965,0.5918367346938775,3.5608404,2,2,Ethiopia,traditions,Nigeria,False
c3a1ddb5-f12f-4806-bda6-4189d38228d7,0.07236856,-8.060859e-05,0.017158162,0.3673469387755102,3.529354,1,3,Turkey,rituals,Brazil,False
0c5aee4c-d9fe-462e-8df1-ef7320c618cb,0.01675427,-0.0027874825,0.009231289,0.4489795918367347,3.5392163,1,0,Turkey,clothing,Canada,False
ec1ebd50-a42c-47c5-a77d-00546adf6224,0.021642357,-0.00476912,0.014116607,0.3469387755102041,3.539406,6,0,Brazil,rituals,Canada,False
f12dd800-7905-428c-9690-28747601a795,0.016472802,-0.002010267,0.008187662,0.4897959183673469,4.7286234,1,12,Brazil,clothing,Canada,False
30beeebf-ea67-484f-93a7-2cfd29242fe4,0.25487626,0.088748716,0.05197395,1.0,3.7356105,5,4,Nigeria,food,Brazil,False
00a46fda-95f7-455b-8bba-e320575b6ea3,0.14202183,0.031839132,0.031524707,0.8571428571428571,3.6020632,0,3,Iran,food,Iran,True
96037b83-81d6-4de0-ac58-e2ea3f1d0f68,0.1028586,0.023098899,0.021422828,0.9387755102040817,3.5978608,3,4,China,rituals,Brazil,False
d0e20d67-24e5-4292-9222-4b60fdeb3b4f,0.08337647,0.016292797,0.027686562,0.7142857142857143,3.5576456,3,2,Iran,clothing,Turkey,False
34057f2e-1376-4a8d-92f0-6edc0ffa859b,0.0907532,0.03536219,0.019647561,0.9795918367346939,3.74247,6,4,Iran,drink,Turkey,False
a8e28ea4-0eac-497a-b894-1e682ef66e8e,0.1703791,0.077979885,0.03096958,1.0,3.8137906,6,4,Rwanda,drink,Brazil,False
525abdb3-d337-4b12-b2ee-01a6e3e1f780,0.26277524,0.009319115,0.019777808,0.9744897959183674,4.665981,6,7,Brazil,traditions,Brazil,True
d87f6641-66de-446e-a933-47ad83edc1f0,0.13217449,-0.011059618,0.03932123,0.24489795918367346,3.589786,3,2,Iran,food,Turkey,False
98eed9b0-5603-4c58-b498-34df83a4d44e,0.014870673,0.000928061,0.0062792203,0.6122448979591837,3.5859175,1,5,Iran,rituals,Turkey,False
f8d29900-ef57-4a37-93ee-d6596f54b8b0,0.00026345253,0.00011750143,4.1726074e-05,1.0,3.831495,2,2,Brazil,drink,Brazil,True
7469bf5a-e55b-4077-8c23-4f80be8daa32,0.29063743,0.06541073,0.08017136,0.7755102040816326,3.62525,2,3,China,drink,Brazil,False
f12dd800-7905-428c-9690-28747601a795,0.016396672,-0.004803145,0.01251359,0.42857142857142855,3.3978865,0,6,Brazil,clothing,Canada,False
9e63b44b-6f24-4288-9b27-8626e11bf0a3,-0.00028936565,-0.07921451,0.041472245,0.0,3.7601416,4,2,USA,food,Brazil,False
8a4aa22a-5c51-425d-ad3d-69de43f88b0c,0.09074253,0.018022973,0.021706235,0.8367346938775511,3.5729434,2,4,Canada,food,Brazil,False
5880280d-93fc-446b-8079-58300559adda,0.014921665,0.005133494,0.0033097935,0.9591836734693877,3.6936736,2,3,Ethiopia,clothing,Brazil,False
ff0bce0b-7179-486e-9d05-9efa37b21512,0.009688079,0.0014570769,0.0015676188,1.0,3.5635648,2,5,Germany,traditions,Germany,True
734acb99-0962-4131-b4f7-725c20411db8,0.5689148,0.022111002,0.104184255,0.8775510204081632,0.9204714,1,0,Canada,traditions,Canada,True
01a1d08a-e2a5-4a81-afb5-9831cddd3e88,0.2697572,-0.06256199,0.061681334,0.04081632653061224,3.750572,2,2,Ethiopia,clothing,China,False
2fd3e1c4-4980-4f7d-8876-69cd79654a75,0.047228932,0.0065423287,0.01206511,0.6785714285714286,4.9413543,8,9,USA,drink,Brazil,False
e46d024b-8bdb-46d2-ad2b-d5dd20831693,0.033992976,0.00793809,0.010084144,0.7806122448979592,5.0361404,1,7,Rwanda,drink,Canada,False
3429c249-9b78-4612-8b82-8ce2405193ce,0.00048404932,0.00013782784,0.0001231091,0.9183673469387755,3.5809696,3,4,Brazil,traditions,Brazil,True
6f5bf0aa-f72d-4e5d-8ac8-bcc1761d0f8a,0.08247924,-0.040185716,0.031051014,0.08163265306122448,3.7762103,1,6,USA,food,Brazil,False
dad09341-9891-4f9e-b292-1f834f9fedc4,0.11335319,0.001781623,0.04583364,0.5102040816326531,3.537241,1,4,India,drink,Brazil,False
9844e1be-1620-44ee-ac68-57ae9d58ab4f,0.052950114,-0.004053625,0.02691864,0.42857142857142855,3.3982205,1,3,India,rituals,Brazil,False
ae89905e-966f-43f0-8c0f-cc4ce1b87ac1,0.032086134,0.006896895,0.008106092,0.8163265306122449,3.4377902,4,4,India,traditions,Canada,False
9e592190-7413-4778-8631-3908e7577661,0.04778433,-0.0035853146,0.012006117,0.25510204081632654,4.971983,4,4,USA,traditions,Ethiopia,False
a950d18e-1dbc-46c8-955e-4bbf4f41aadb,0.12289783,-0.011756166,0.0688496,0.5102040816326531,3.5684454,2,1,Turkey,rituals,Turkey,True
c717f3a6-7b14-4f61-b395-89d63b0c6e73,0.100548506,0.026404962,0.035069678,0.7959183673469388,3.687308,1,2,Nigeria,clothing,Nigeria,True
c8b19f46-371b-46f5-89ca-93b99b2fd6a0,0.031630933,0.0015986586,0.005077162,0.9795918367346939,2.321693,5,3,Ethiopia,drink,Ethiopia,True
2ee2ff8e-8560-4eb9-b869-6ba468258201,0.0011745095,0.000417314,0.00028537508,0.9591836734693877,3.6562479,3,2,Rwanda,food,Brazil,False
acd68d0e-9d10-40ef-9fd1-cbdc720808ef,0.0012164116,5.6395726e-05,0.00016986854,1.0,2.6799688,1,4,Canada,clothing,Canada,True
46718728-a72a-4651-a2dc-d9d39b32ab74,0.009499803,-0.004153546,0.006981063,0.2653061224489796,3.502646,1,3,USA,clothing,Canada,False
eed6d393-d438-4d10-8782-d5443e9342be,0.1455056,0.06876381,0.028915925,1.0,3.8069515,3,3,Rwanda,food,Brazil,False
9e192054-6b30-44b3-841f-785853bfe7e4,0.0069929957,0.0024409501,0.0016538943,0.9387755102040817,3.6756253,5,3,India,drink,Brazil,False
4436f0b0-f4fe-4383-911d-4640c75d9018,0.11091223,0.005320225,0.021127356,0.6530612244897959,3.4202292,4,4,USA,rituals,Brazil,False
318807ce-d521-41f7-b9b2-e533deb7a178,0.0001694411,-0.0076431492,0.003913905,0.04081632653061224,3.7345026,6,3,Canada,clothing,Canada,True
9e592190-7413-4778-8631-3908e7577661,0.09086007,-0.014381229,0.02332804,0.16326530612244897,3.676922,5,2,USA,traditions,Ethiopia,False
82215031-0639-473d-8f9c-7c9de723779d,0.06168151,0.010815235,0.011828211,0.9795918367346939,3.4660604,3,3,Germany,traditions,Germany,True
fa819613-c07e-4e81-ae2a-6a5fee7b350b,0.104891226,0.045727972,0.022919437,0.9795918367346939,3.7747781,2,2,Turkey,drink,Turkey,True
6be2a046-67c7-4a4c-b67c-31d41a0714a5,0.012632564,0.00042999702,0.0050922083,0.6122448979591837,3.5324473,3,4,Iran,clothing,Turkey,False
dd47b69e-013f-4997-9504-4d2e8a37342d,0.104043424,0.03522125,0.027436877,0.8979591836734694,3.6296623,5,4,Germany,traditions,Germany,True
0aa13c4d-b47c-4bc7-a4bb-957561dbad02,0.04418461,0.0025537936,0.012892276,0.7448979591836735,4.7096424,2,9,Iran,drink,Brazil,False
b577985c-6eca-41d4-805c-13fdb8822df8,0.0091949105,0.0015994395,0.0018192324,0.9591836734693877,3.4681063,1,4,India,rituals,India,True
a2dcde1c-1b2c-4936-ac07-8e912413e23e,0.14334741,0.020973155,0.020778866,0.8673469387755102,5.0026364,1,7,USA,food,Turkey,False
9cddc74e-a74b-4b29-9493-f6bac0aa27ea,0.044960752,0.017214356,0.012711236,0.9183673469387755,3.6815808,5,0,Ethiopia,clothing,Turkey,False
6a8d47c3-55db-4f2d-b7e0-6c25b6a268c8,0.14838818,0.03861133,0.049463518,0.8979591836734694,3.6927447,4,3,India,rituals,Brazil,False
7b73f9f5-70a9-4324-a79d-99302078220b,0.08146608,0.0022192653,0.008135248,0.8163265306122449,4.044329,12,1,Brazil,traditions,Brazil,True
3bbeaac4-39d5-449f-b8e0-69a66bbb9400,-0.006366819,-0.039171413,0.020367993,0.0,3.7516754,5,0,India,food,Canada,False
19ae4ab7-a1b1-47c9-a81d-24a4020df41a,0.08003506,0.0050998474,0.016850518,0.673469387755102,3.2405071,2,3,Canada,rituals,Turkey,False
16ff40c1-2e0d-4207-992b-7ff20edf427a,0.26259398,0.010179,0.033697676,0.6020408163265306,4.691447,0,5,Rwanda,food,Ethiopia,False
a952f9e8-5281-4661-950e-ffbf264a69f2,0.08781326,0.051707856,0.016498776,1.0,3.8389995,2,3,Rwanda,traditions,Brazil,False
a9aa210b-bfa3-4ff6-8c82-3c3e7b4544b5,0.027741194,0.00068957405,0.005316099,0.45408163265306123,4.900427,5,11,India,clothing,India,True
0b9aadd7-4769-4584-8fd7-428dfa00fdaf,0.026995182,-0.006179851,0.00516443,0.08673469387755102,5.102729,12,11,Iran,rituals,Brazil,False
87cc957e-bd81-4ea9-8d40-d6d9bce4ec76,0.06329268,-0.004145258,0.021144068,0.22448979591836735,3.52481,1,4,USA,clothing,Germany,False
0b04f451-42cf-462b-b983-307e13183f45,0.26225471,0.018023,0.06640491,0.5714285714285714,3.4696987,2,2,Ethiopia,clothing,Ethiopia,True
e0ab0bf7-2f4f-4f11-a030-bf9080c1007d,0.08260834,0.0152528975,0.031393263,0.7142857142857143,3.655474,0,5,Iran,traditions,Iran,True
7cd63749-44d8-4024-ac6c-727bde0ae91a,0.030780733,-0.0037859518,0.05417945,0.6938775510204082,3.0210505,5,5,USA,drink,Brazil,False
46f8812b-adca-4161-ae1f-9f6c5600599c,0.97033155,0.02014189,0.13715188,0.8367346938775511,0.15563548,4,3,Ethiopia,drink,Ethiopia,True
49f5b3aa-dc13-4ebe-bf8d-6771b9298c37,0.17899507,0.004126111,0.02526536,0.6938775510204082,0.9510007,1,6,China,traditions,China,True
2a57f463-0a45-4852-9a58-acbf91395812,0.13453442,0.031013057,0.024172049,0.9795918367346939,3.6823928,3,3,Rwanda,clothing,Nigeria,False
fa819613-c07e-4e81-ae2a-6a5fee7b350b,0.079410225,0.02279788,0.014816981,0.9948979591836735,5.092987,2,8,Turkey,drink,Turkey,True
89df03ce-b19f-474d-8f36-e9b41be7d3d5,0.054178655,-0.061764322,0.038238786,0.04081632653061224,3.7618194,2,1,USA,traditions,Canada,False
aa454b8a-ea44-47d8-bfc5-8e0691affc18,0.0004426241,0.00015465337,8.471983e-05,1.0,3.7684793,2,4,China,rituals,China,True
4c169dc1-0511-4867-803b-2c5724589072,0.08003181,0.007733391,0.0140347965,0.8775510204081632,3.1180098,1,1,China,rituals,China,True
9ace2f1e-6a06-45ba-bed9-46ac3b80b038,0.10933626,0.023335861,0.023356466,0.9183673469387755,3.5669,0,2,Nigeria,drink,Brazil,False
535f44c0-e569-40b7-9b05-2ab1ef0f8368,0.48153007,0.025916688,0.067953974,0.9795918367346939,2.8541543,0,4,Ethiopia,rituals,Ethiopia,True
ae3e7c2c-7bd7-4086-93d8-14c1f86a3184,0.14943601,-0.014140353,0.05124297,0.3469387755102041,3.6077769,3,4,Rwanda,traditions,Turkey,False
31824d6c-cdda-43df-9792-17cb3f44217d,0.008000314,-3.7427762e-05,0.0010219358,0.45408163265306123,4.866291,2,4,Nigeria,traditions,Brazil,False
31e9a0fd-c1ab-4668-a100-e869e7c36d2e,0.13169229,0.06020734,0.02151404,1.0,3.8285298,4,3,Germany,rituals,USA,False
2b049977-6bfc-4a19-b59a-c9e2beffab94,0.22809237,0.07891203,0.047985245,1.0,3.7086282,1,3,Turkey,rituals,Brazil,False
39733d4c-5b90-473a-b873-d62f74e809fa,0.37931925,0.00728669,0.08791535,0.4897959183673469,3.35274,3,3,Germany,food,Canada,False
96b37654-4373-4743-981d-ef25317c602a,0.1683996,0.07540677,0.03691385,1.0,3.775826,0,4,Canada,drink,Canada,True
b6aaf31f-d668-4f6e-9d34-c7ecbfa7c8a8,0.011112334,-0.004085241,0.0086674085,0.3469387755102041,3.5308003,3,1,USA,clothing,Brazil,False
3d4755c8-3116-45b7-a80f-10c886ec742d,0.26949257,0.03425638,0.04414685,0.9183673469387755,3.36921,2,0,Ethiopia,food,Ethiopia,True
d4d631c2-4c15-4f43-b3bb-bd1fe3157b64,0.261684,0.019503996,0.12581676,0.7142857142857143,3.5334918,4,1,India,traditions,Canada,False
468a0a50-3eba-40b2-92b0-5b172fb30c01,0.062524855,-0.0022923278,0.033260494,0.5306122448979592,3.5750978,2,5,Ethiopia,traditions,Brazil,False
ffcd1ddf-ff5a-4f44-90d8-f019b0e5efd1,0.037670016,0.0026914624,0.0052941004,1.0,3.1590595,5,2,Germany,clothing,Germany,True
7b73f9f5-70a9-4324-a79d-99302078220b,0.06426108,0.0032463851,0.009127898,0.8571428571428571,2.9382172,6,0,Brazil,traditions,Brazil,True
6653f8dd-3fff-48a3-8e29-065917a610b0,0.4411146,0.031381443,0.04545602,0.9693877551020408,4.802899,2,8,Ethiopia,traditions,Ethiopia,True
de8ac0fa-d6dc-41bb-b117-f5e84f22e9e5,0.007704556,0.00061458227,0.0010761117,1.0,3.3126094,3,2,China,traditions,China,True
3156bba1-7c6d-417e-8841-d6319dc7e3af,0.032507956,0.011919875,0.0070755044,1.0,3.7107882,2,3,India,traditions,Brazil,False
f4247462-9218-4cf6-9952-434510763b03,0.0035674572,0.001171696,0.0004890444,1.0,3.8187568,5,4,Iran,traditions,Iran,True
1309b373-b885-4aa0-b6f8-7aab4b734ac2,0.01166445,0.0006234193,0.00092401146,0.9693877551020408,4.8420234,4,4,China,clothing,China,True
d4763361-b78a-4ad4-a747-43d7d7d74151,0.0028752089,-0.00062890805,0.00090006687,0.20408163265306123,3.590972,0,3,Iran,rituals,Brazil,False
7b652a5a-c293-42d8-9245-c3e1556636c1,0.22851944,0.017444696,0.044261325,0.6122448979591837,3.3316808,1,4,Rwanda,clothing,Ethiopia,False
d6bdefc4-d83f-4df5-a2c0-74ce4bb3dbea,0.12907769,-0.06830906,0.1464947,0.2857142857142857,3.4907832,3,4,China,rituals,China,True
02bd886c-af46-4b28-a3b3-939f0185db11,0.006894052,-0.053283088,0.019304195,0.02040816326530612,3.824544,0,3,Germany,rituals,Brazil,False
86ea271d-4352-4963-80a2-96b496b9ab50,0.15122801,0.017003415,0.036494926,0.7857142857142857,4.9107714,5,6,Rwanda,rituals,Ethiopia,False
34dd1cb8-5e75-42fb-933a-79c31b9a7dbe,0.06492315,0.008207928,0.0151899755,0.7755102040816326,3.3942447,3,1,Iran,traditions,Turkey,False
fbe240a9-76de-4a92-8136-ea1716764e8d,0.07987403,0.017243832,0.028519059,0.7755102040816326,3.6052098,3,4,Iran,traditions,Iran,True
ff57c370-a704-49a2-8662-f040dca197df,0.025257021,-0.029968483,0.014923824,0.04081632653061224,3.8123446,0,0,USA,rituals,Canada,False
86ea271d-4352-4963-80a2-96b496b9ab50,0.46621335,0.032078985,0.0812855,0.7551020408163265,3.4265988,2,3,Rwanda,rituals,Ethiopia,False
0f7abdc3-c885-4d91-bb7d-67f1c607a7d0,0.12214005,0.05195898,0.024945224,0.9795918367346939,3.780614,5,3,India,traditions,Canada,False
1192021a-598b-48bb-be52-9f576e627384,0.033230286,0.0026426236,0.015036276,0.5102040816326531,3.565538,3,3,Rwanda,rituals,Turkey,False
e6e586b2-3904-40e5-8fcd-0e8201909ad0,0.0014285333,-0.025701914,0.04198539,0.02040816326530612,3.3409305,0,1,Germany,traditions,Brazil,False
7fa37c8c-5b74-4898-ba37-a0c2933cdb03,0.060319066,0.020903334,0.016027793,0.8979591836734694,3.737456,3,2,Rwanda,drink,Brazil,False
48cb84ac-f6c8-41d5-a8bd-433790fd4228,0.060399115,-0.00022405546,0.015535759,0.42857142857142855,4.905792,5,8,Canada,drink,Brazil,False
0b04f451-42cf-462b-b983-307e13183f45,0.2545527,0.0052259346,0.039485123,0.5510204081632653,4.829748,4,4,Ethiopia,clothing,Ethiopia,True
c5fa60a8-7191-498a-8cc9-db07ec48dd86,0.049733296,0.014354494,0.012523719,0.8775510204081632,3.6079338,1,2,Turkey,traditions,Turkey,True
be330458-bfe8-4b6d-ab4f-0e121faca59d,0.0004993081,9.183495e-05,8.947817e-05,0.9591836734693877,3.6157486,4,2,India,traditions,India,True
1a8a184f-8ace-4cf9-a732-af3ceedef990,0.062409624,-0.019894212,0.030580807,0.22448979591836735,3.629948,5,4,Brazil,food,Brazil,True
d527b146-00a1-41fb-8671-6114ee9cabb9,0.5613195,0.0921141,0.11404374,0.8979591836734694,3.5050204,6,5,USA,drink,USA,True
a82f3319-8037-44df-bcab-0d39d14590e6,0.057160914,0.009444363,0.024779135,0.7142857142857143,3.5449023,3,3,India,food,Brazil,False
bb027c12-2666-421b-a523-4bd7c4c30f20,0.0818184,0.004541763,0.025837928,0.42857142857142855,3.5834424,2,1,Nigeria,traditions,Brazil,False
a7465e78-a57b-4a6c-bbcf-9214feeafb74,0.1395177,0.07833768,0.035996113,0.9795918367346939,3.7652404,3,2,Turkey,drink,Germany,False
0b9aadd7-4769-4584-8fd7-428dfa00fdaf,0.028852582,0.0006250557,0.010456477,0.40816326530612246,3.5823405,3,3,Iran,rituals,Brazil,False
d54dbb9a-94a1-470b-a1d1-12f9f313bb77,0.1917935,0.018940931,0.03525393,0.8112244897959183,4.868848,8,3,Ethiopia,rituals,Ethiopia,True
dc3a53b7-bcd5-4354-93b6-f954b82269e1,0.0029923916,0.00087336864,0.00062852364,0.9183673469387755,3.6554909,3,3,Ethiopia,food,Ethiopia,True
07dabc78-3e60-46e1-b6e4-14c03b083f61,0.017434806,-0.029638281,0.029682184,0.12244897959183673,3.5332956,6,0,China,drink,Canada,False
520f8c8b-3426-4a8e-affd-07b0c26f954b,0.008913994,0.0015095046,0.0015451482,0.9591836734693877,3.5156763,1,1,India,clothing,India,True
4455c508-07a5-483c-a247-92904d635fee,-0.04378897,-0.094268486,0.02399455,0.0,3.8576744,0,0,USA,traditions,Canada,False
6be2a046-67c7-4a4c-b67c-31d41a0714a5,0.006894365,-0.00018844647,0.0035023752,0.45408163265306123,4.9307947,4,7,Iran,clothing,Turkey,False
69a710fd-f216-43b8-9ec6-8fd324c49690,0.11193815,-0.037200924,0.07438119,0.3469387755102041,3.5714846,4,2,Nigeria,food,Brazil,False
03e3c931-426c-454a-a977-1805f7c65f15,0.12547684,0.022528308,0.03241659,0.7142857142857143,3.4819007,2,3,Rwanda,traditions,Brazil,False
67fa11a3-fa1f-4817-a189-87f38daf3011,0.07088524,0.031156797,0.021318657,0.8571428571428571,3.7042801,6,4,Nigeria,drink,Brazil,False
4f04c1f6-a284-4219-9412-beacc222f51d,0.10873151,0.010810982,0.02687498,0.6122448979591837,3.4117742,0,5,Canada,rituals,Germany,False
2c1bd295-9cde-47af-af0e-202c03272d01,0.037782103,-0.05341787,0.05087926,0.14285714285714285,3.6004372,1,3,Nigeria,clothing,Brazil,False
525abdb3-d337-4b12-b2ee-01a6e3e1f780,0.085585415,0.016844839,0.013428231,1.0,3.6427603,1,2,Brazil,traditions,Brazil,True
803df59c-07e6-4459-a5cb-8c2e27237461,0.003373623,0.00092910475,0.0006603915,0.9642857142857143,5.06483,11,5,China,drink,China,True
d501d03b-8677-427a-bd3c-80ef26349cf6,0.061030447,0.011275406,0.0109099215,0.8775510204081632,5.0295105,2,6,Rwanda,rituals,Nigeria,False
0ce7d616-31bd-4eac-99ec-195e0172b4fc,0.23918557,0.02206224,0.04981671,0.6122448979591837,3.3816807,1,4,Nigeria,rituals,Brazil,False
e59b1cbd-2cfd-428a-b1f4-fba8cbfb08ec,0.014760718,-0.005523044,0.0081357155,0.24489795918367346,3.662878,4,6,Germany,food,Turkey,False
481fa382-ad75-4f6e-bdaa-cdadfbc9f4e5,0.27882135,0.068960026,0.045525387,1.0,3.7482529,3,2,China,food,China,True
4f04c1f6-a284-4219-9412-beacc222f51d,0.06760365,0.0017146319,0.012674777,0.5153061224489796,4.8947625,2,9,Canada,rituals,Germany,False
2329409d-2712-4aa5-96d1-2cd16298f150,0.110343546,0.0045196908,0.039625756,0.5510204081632653,3.6168025,1,3,Turkey,rituals,Brazil,False
8eafe537-95b2-4e1f-8416-8196d5fd59cb,0.13086572,0.06271688,0.030078549,1.0,3.7678773,1,4,Ethiopia,traditions,Brazil,False
3fd7af11-b663-486b-a962-16c72d01e706,0.056875736,-0.0049071014,0.018870154,0.42346938775510207,4.987267,7,9,Rwanda,traditions,Brazil,False
e8417033-3d23-4eb3-b225-e8d68ff8cde3,0.12926903,-0.009048052,0.046513345,0.40816326530612246,3.5059748,2,3,China,drink,Brazil,False
1309b373-b885-4aa0-b6f8-7aab4b734ac2,0.096244454,0.003310172,0.013520444,1.0,2.0793846,2,2,China,clothing,China,True
b6a921ff-8d0c-41e1-8a6a-f9f1068693ee,0.001761198,0.00070648897,0.00030337617,1.0,3.8032007,3,2,Brazil,drink,Brazil,True
a5ffd0e5-343e-484b-92dc-aa8f00b18e98,0.27611113,0.010969985,0.05618402,0.5102040816326531,3.3139904,3,3,Turkey,clothing,Brazil,False
b44fddf6-9e94-4b2d-92d6-b64b7047f781,0.24142516,-0.01101545,0.06483718,0.46938775510204084,3.4533055,0,4,Germany,rituals,Germany,True
39456870-dff9-4521-85a7-8ce1e1156572,0.03338343,-0.04073857,0.032738753,0.08163265306122448,3.61229,0,4,Rwanda,drink,Brazil,False
fa9d08f1-413b-4a05-b058-380843d46806,0.014331907,-0.0032225263,0.006864316,0.32653061224489793,3.589713,0,2,Canada,rituals,Canada,True
751a2a0e-916c-48e1-a267-c7c59106d6b0,0.17839465,0.012949145,0.07330483,0.6938775510204082,3.3068986,1,5,Brazil,rituals,Brazil,True
ec6992fc-90b0-45fa-8cb0-0979086911d7,0.24122727,0.0069031827,0.070992485,0.5102040816326531,3.5164638,3,4,Brazil,clothing,Brazil,True
098b83b9-da89-40a9-a452-bc72698c3740,0.2654816,0.011835117,0.03813356,0.9387755102040817,2.4876983,4,2,Germany,drink,Germany,True
98b439d0-91bc-40ba-8d77-ec2889c96666,0.019080132,-0.06734984,0.050943114,0.08163265306122448,3.5941112,3,4,Nigeria,clothing,Nigeria,True
1880497c-e945-4689-839e-03022a70d7a7,0.4120084,0.043607026,0.09859866,0.7346938775510204,3.3090909,2,3,USA,rituals,USA,True
af32828e-77c5-4c31-ad76-c68b4c3d2cfb,0.12849006,0.045953684,0.030973254,0.9387755102040817,3.6802464,3,3,Canada,drink,Germany,False
b5ddf9ce-952d-4fe5-a878-b1ffe90ff1ef,0.037669778,0.009148048,0.008833749,0.8367346938775511,3.5901923,3,1,Canada,rituals,Brazil,False
cedc6039-0f3d-4995-bf1f-eb1cd6590cbf,0.1395177,0.07833768,0.035996113,0.9795918367346939,3.7652404,3,2,Turkey,drink,Germany,False
48cb84ac-f6c8-41d5-a8bd-433790fd4228,0.06610413,-0.0008552573,0.03100725,0.42857142857142855,3.5491338,2,0,Canada,drink,Brazil,False
0ed35e82-2fa8-46d6-b4e0-629c66728ae8,0.26057792,0.1068368,0.050142605,1.0,3.7871118,2,4,Ethiopia,rituals,USA,False
c6e2a507-d64e-4f66-a017-8c4bec7a25aa,0.07237291,0.026490942,0.016556427,0.9387755102040817,3.7532043,3,4,Canada,drink,Germany,False
13f37320-7bb5-4232-9bf2-8f28c57c4582,-0.029208362,-0.07600617,0.024980625,0.0,3.8382573,4,0,USA,food,Canada,False
da343301-2fc3-42b9-9d8e-7f90b000f00f,0.19717121,0.010735719,0.03586932,0.6122448979591837,3.306573,2,3,Nigeria,clothing,Ethiopia,False
2ffd117c-1a33-4b7a-a359-c3bb9ad35cec,0.07674736,-0.00040237757,0.02065216,0.42857142857142855,3.521564,1,6,Iran,clothing,Canada,False
31824d6c-cdda-43df-9792-17cb3f44217d,0.0024901628,-0.0001542994,0.0010948785,0.40816326530612246,3.6321201,0,1,Nigeria,traditions,Brazil,False
9c96c4f7-b755-4960-948b-8c0ea7761880,0.1081776,0.020746557,0.021728221,0.8979591836734694,3.4600017,6,6,Ethiopia,food,Ethiopia,True
dc012abe-5e86-41c4-b740-a9e91a0fe240,0.14748144,-0.026180308,0.10186849,0.46938775510204084,3.50932,4,1,Nigeria,drink,Brazil,False
41388d0a-c0cd-4947-a415-db9ba4893bcd,0.020618767,-0.1100682,0.054806814,0.04081632653061224,3.7652526,4,0,USA,food,Canada,False
c6f9ae05-ef81-4957-b6f0-7a177580e2d5,0.013514519,-0.0062800245,0.006776423,0.1683673469387755,4.999116,1,2,Turkey,food,Brazil,False
4b6b43e4-d3c9-4faf-8ed9-ed1e51754baf,0.058565825,0.030418325,0.013583128,1.0,3.7880082,5,3,Nigeria,rituals,Brazil,False
