layer,head,mean_importance,imp_shortcut,imp_nuanced
1,31,8.838971,11.054908,9.373723
1,2,7.321259,9.157396,7.404763
1,28,7.160931,8.947556,7.275545
1,18,7.143634,8.9162,7.305502
1,12,7.12533,8.861939,7.206825
1,29,7.089802,8.847049,7.245156
1,8,7.076349,8.814893,7.267016
1,7,7.049853,8.815818,7.170393
1,6,7.009894,8.728387,7.106768
1,17,6.940485,8.628063,7.086468
1,32,6.938905,8.672201,7.070404
1,1,6.917198,8.672908,6.971962
1,9,6.911539,8.621123,7.003461
1,16,6.905992,8.513569,7.02268
1,19,6.87159,8.533339,6.983171
1,26,6.860365,8.54183,7.001338
1,30,6.855389,8.527309,6.963926
1,24,6.846804,8.537056,6.962472
1,13,6.794159,8.48616,6.914768
1,11,6.781335,8.458268,6.875511
1,27,6.781206,8.46433,6.862085
1,23,6.77594,8.438427,6.872554
1,25,6.769507,8.446435,6.864195
1,10,6.757718,8.418366,6.884042
1,3,6.742635,8.35641,6.862444
1,21,6.733935,8.366585,6.820405
1,15,6.715383,8.347666,6.785801
1,4,6.679978,8.316933,6.762094
1,22,6.676433,8.39049,6.68559
1,5,6.610173,8.231044,6.700654
1,20,6.592458,8.237423,6.685498
1,14,6.501253,8.118696,6.605719
2,12,5.818161,7.222007,5.752117
2,2,5.734196,7.156329,5.64129
2,31,5.646136,6.99635,5.661024
2,19,5.635707,7.007119,5.604653
2,29,5.555067,6.919816,5.569685
2,16,5.545453,6.836198,5.578319
2,1,5.517376,6.929485,5.489788
2,30,5.511737,6.863421,5.520495
2,21,5.506875,6.839586,5.489025
2,9,5.503842,6.889187,5.487274
2,6,5.490201,6.837013,5.474967
2,28,5.482737,6.824233,5.48215
2,7,5.478838,6.854053,5.450808
2,27,5.472536,6.822213,5.466664
2,32,5.471447,6.866162,5.47369
2,5,5.46288,6.814759,5.430356
2,18,5.459422,6.809675,5.396014
2,23,5.448405,6.800066,5.415577
2,17,5.422067,6.760899,5.437367
2,13,5.416113,6.742468,5.410681
2,20,5.409249,6.762495,5.421465
2,22,5.408038,6.77652,5.346126
2,4,5.405303,6.730422,5.365175
2,24,5.39009,6.735712,5.357876
2,15,5.38609,6.738102,5.375286
2,11,5.381457,6.715865,5.350521
2,3,5.372654,6.682202,5.345036
2,26,5.370485,6.680655,5.366327
2,8,5.368649,6.693327,5.330997
2,10,5.357397,6.659641,5.365936
2,25,5.348422,6.684082,5.299098
2,14,5.299565,6.636763,5.235492
3,12,4.654142,5.754009,4.572337
3,2,4.585568,5.746904,4.492308
3,16,4.490542,5.546027,4.47438
3,31,4.4868,5.572298,4.460432
3,6,4.47425,5.572844,4.425027
3,13,4.472016,5.538921,4.446695
3,21,4.461688,5.550107,4.413379
3,1,4.456361,5.587434,4.411206
3,29,4.436962,5.558435,4.386879
3,17,4.432859,5.527818,4.420966
3,30,4.427533,5.513638,4.40664
3,23,4.418406,5.529596,4.357456
3,19,4.407668,5.496778,4.350752
3,4,4.406695,5.475811,4.374212
3,5,4.406634,5.498192,4.367987
3,9,4.3954,5.511429,4.381819
3,28,4.393119,5.461431,4.3675
3,32,4.392314,5.520128,4.361559
3,18,4.390354,5.489942,4.329218
3,7,4.389785,5.488571,4.344243
3,11,4.388298,5.493078,4.330966
3,20,4.383609,5.473624,4.372233
3,3,4.380116,5.464722,4.342431
3,8,4.369449,5.441463,4.302936
3,24,4.36845,5.46641,4.346763
3,27,4.360927,5.447233,4.331164
3,25,4.356235,5.433819,4.297441
3,15,4.338959,5.425242,4.297947
3,22,4.334928,5.421669,4.294181
3,14,4.324386,5.407601,4.251571
3,26,4.304867,5.360406,4.247893
3,10,4.287691,5.343389,4.262003
4,12,3.810107,4.733981,3.774341
4,2,3.732888,4.660019,3.686702
4,16,3.676153,4.532773,3.674444
4,6,3.650052,4.544916,3.630548
4,21,3.625564,4.513469,3.584967
4,13,3.624235,4.473186,3.631016
4,1,3.612575,4.473348,3.624658
4,30,3.607841,4.473538,3.581401
4,29,3.604363,4.503142,3.577768
4,5,3.603464,4.456657,3.587818
4,24,3.5936,4.461169,3.572917
4,31,3.591992,4.433282,3.58865
4,17,3.575245,4.439068,3.571235
4,32,3.569868,4.436165,3.554199
4,14,3.569767,4.434788,3.54389
4,4,3.568531,4.421339,3.569491
4,7,3.565274,4.430962,3.544607
4,23,3.565129,4.434138,3.529961
4,28,3.554911,4.411885,3.557347
4,25,3.549757,4.411312,3.51365
4,19,3.547787,4.419402,3.51576
4,27,3.546253,4.403825,3.553986
4,3,3.544935,4.404473,3.528944
4,18,3.533795,4.407269,3.494235
4,20,3.531002,4.370537,3.541039
4,26,3.509404,4.360008,3.488771
4,8,3.50787,4.335267,3.492549
4,9,3.502754,4.36705,3.471538
4,15,3.501327,4.341601,3.491351
4,11,3.497994,4.345915,3.460216
4,10,3.472715,4.284872,3.447813
4,22,3.454113,4.3023,3.434197
5,12,3.28375,4.077818,3.282353
5,2,3.179561,3.964181,3.151874
5,16,3.146692,3.882344,3.165872
5,21,3.114274,3.869142,3.094037
5,6,3.111626,3.858566,3.101005
5,31,3.09151,3.789047,3.117106
5,13,3.080699,3.788306,3.10045
5,32,3.072835,3.797191,3.103711
5,1,3.04684,3.775197,3.087547
5,17,3.040918,3.754923,3.050703
5,29,3.039323,3.79785,3.020664
5,25,3.036647,3.755007,3.043046
5,3,3.028584,3.746212,3.036243
5,24,3.027758,3.7395,3.049742
5,30,3.025743,3.732608,3.030263
5,19,3.025019,3.743003,3.022672
5,26,3.023288,3.7528,3.018444
5,7,3.023065,3.74412,3.031105
5,5,3.021796,3.739977,3.023213
5,23,3.021424,3.74136,3.01748
5,11,3.016362,3.752753,3.0077
5,27,3.012519,3.731759,3.033495
5,28,3.007442,3.704911,3.023729
5,15,2.998795,3.705305,3.00964
5,8,2.998009,3.680302,2.994127
5,14,2.99731,3.699942,2.996133
5,18,2.995572,3.711212,3.001946
5,4,2.994617,3.696169,2.99331
5,20,2.98472,3.660839,3.011054
5,10,2.978946,3.665568,2.984766
5,9,2.938758,3.643835,2.912969
5,22,2.932034,3.648911,2.93213
6,12,2.779711,3.425749,2.811794
6,2,2.702315,3.330454,2.705383
6,16,2.666506,3.278685,2.678939
6,21,2.63605,3.24248,2.655575
6,31,2.633743,3.238966,2.642551
6,13,2.623105,3.224765,2.634546
6,29,2.612498,3.242072,2.59546
6,1,2.607435,3.206002,2.630144
6,6,2.596056,3.213196,2.569588
6,7,2.595193,3.206451,2.596935
6,26,2.586516,3.188584,2.582119
6,32,2.586382,3.206405,2.58102
6,24,2.579756,3.200106,2.595813
6,17,2.577735,3.165056,2.566739
6,27,2.577485,3.185258,2.594362
6,4,2.576545,3.169047,2.577468
6,25,2.571982,3.154065,2.543371
6,28,2.571469,3.165901,2.589326
6,30,2.564684,3.171165,2.559841
6,23,2.562059,3.163062,2.563264
6,8,2.55543,3.149154,2.542089
6,18,2.5537,3.157382,2.557698
6,15,2.549051,3.148179,2.546603
6,3,2.543647,3.152747,2.542695
6,20,2.540038,3.116127,2.554589
6,10,2.534906,3.104444,2.524123
6,5,2.527371,3.120034,2.525297
6,11,2.524667,3.13028,2.519709
6,19,2.521016,3.104416,2.535882
6,14,2.519192,3.118192,2.515851
6,9,2.519156,3.108579,2.508922
6,22,2.507324,3.097623,2.508474
7,12,2.499284,3.05083,2.533802
7,2,2.461457,3.022928,2.466371
7,16,2.402791,2.933914,2.406966
7,29,2.348367,2.900128,2.340239
7,1,2.345231,2.877517,2.36639
7,21,2.344361,2.886375,2.36767
7,13,2.33764,2.877884,2.340903
7,26,2.337175,2.870867,2.32993
7,7,2.336251,2.87315,2.344371
7,31,2.332317,2.853049,2.348496
7,25,2.321767,2.83235,2.321427
7,24,2.312779,2.866763,2.311614
7,6,2.311396,2.860684,2.305092
7,10,2.307545,2.819097,2.303015
7,32,2.30262,2.85021,2.292313
7,28,2.301039,2.827355,2.326354
7,18,2.292397,2.82102,2.284216
7,3,2.291973,2.830616,2.286478
7,17,2.291972,2.806901,2.282094
7,14,2.283858,2.80661,2.287913
7,5,2.27961,2.822112,2.268944
7,30,2.279216,2.806907,2.275918
7,15,2.277895,2.817221,2.26865
7,19,2.277502,2.807021,2.284733
7,23,2.27522,2.794209,2.275964
7,4,2.26862,2.779743,2.280234
7,20,2.268619,2.780227,2.28103
7,27,2.266962,2.796903,2.273333
7,11,2.262393,2.772911,2.257259
7,9,2.25968,2.784275,2.265806
8,12,2.258465,2.782106,2.268232
7,8,2.25443,2.782749,2.241184
8,16,2.253645,2.741318,2.258007
7,22,2.229459,2.738932,2.236397
8,2,2.207994,2.730689,2.195876
8,1,2.202648,2.701191,2.226181
8,25,2.188993,2.659787,2.183095
8,26,2.183592,2.69086,2.172733
8,24,2.176517,2.690551,2.175075
8,29,2.172748,2.679686,2.1646
8,3,2.167071,2.670988,2.155118
8,19,2.166725,2.669921,2.16732
8,31,2.165131,2.652439,2.172177
8,13,2.156741,2.669187,2.153892
9,16,2.155422,2.637303,2.154763
8,17,2.146617,2.644886,2.133046
8,14,2.146599,2.646426,2.129976
8,6,2.14589,2.65619,2.15378
9,12,2.142587,2.612562,2.166073
8,10,2.138276,2.616199,2.143905
8,5,2.136966,2.650216,2.127215
8,15,2.136958,2.629428,2.151896
8,32,2.136247,2.635301,2.125612
8,20,2.135243,2.623299,2.147879
8,21,2.130807,2.633497,2.13649
8,23,2.128961,2.617723,2.122786
8,7,2.127512,2.632987,2.111055
8,22,2.126272,2.61477,2.120935
8,11,2.125464,2.633037,2.117527
8,8,2.114348,2.60764,2.107901
8,28,2.113363,2.589827,2.125315
8,27,2.112026,2.608391,2.106241
9,1,2.111414,2.580999,2.12742
8,9,2.109984,2.605263,2.104267
8,30,2.107784,2.594155,2.11072
8,18,2.106349,2.596018,2.09431
8,4,2.105014,2.588259,2.09324
9,2,2.074264,2.555735,2.065402
9,24,2.055536,2.555055,2.061399
9,26,2.054577,2.537125,2.048958
10,16,2.045372,2.472863,2.053421
9,31,2.043497,2.515143,2.051217
9,29,2.043099,2.507807,2.058215
9,25,2.039233,2.500916,2.044769
9,17,2.037611,2.49987,2.027813
9,4,2.03615,2.481488,2.050588
9,13,2.031409,2.500458,2.043051
9,19,2.030599,2.498879,2.037654
9,3,2.028612,2.487183,2.050918
9,10,2.025883,2.481019,2.040427
9,11,2.023756,2.493486,2.030942
9,32,2.022135,2.470436,2.040648
10,12,2.022111,2.435625,2.071718
9,6,2.01842,2.47467,2.025747
9,20,2.018183,2.491879,2.035511
9,30,2.017788,2.467395,2.035933
9,21,2.015153,2.460696,2.03533
9,7,2.011522,2.502087,2.015098
9,22,2.009518,2.474796,2.019068
9,18,2.007629,2.458521,2.01898
9,14,2.007459,2.471813,2.021795
9,27,2.006566,2.481123,2.018893
9,23,1.995308,2.45279,2.000495
9,5,1.994106,2.47029,1.990905
9,28,1.991359,2.456624,2.013193
9,8,1.989532,2.444784,1.991927
9,15,1.981584,2.447006,1.992084
9,9,1.980723,2.446109,1.978649
10,2,1.958683,2.392473,1.95774
10,29,1.956065,2.367696,1.99207
10,24,1.941371,2.38851,1.967614
10,26,1.939845,2.381796,1.946348
10,1,1.939455,2.36459,1.956072
10,19,1.918106,2.335015,1.945027
10,10,1.915262,2.327558,1.940493
10,3,1.913764,2.321438,1.942023
10,25,1.913034,2.320065,1.930493
10,4,1.907978,2.314627,1.924885
10,17,1.907797,2.310321,1.930619
10,31,1.905413,2.333047,1.911335
10,32,1.897881,2.303853,1.900947
10,6,1.895966,2.298493,1.91507
10,7,1.89231,2.320143,1.916237
10,9,1.889168,2.30427,1.901053
10,30,1.88901,2.281083,1.900967
10,14,1.885585,2.285087,1.907526
10,18,1.884725,2.29656,1.907448
10,11,1.884274,2.313167,1.900465
11,16,1.881948,2.260437,1.906593
10,27,1.879042,2.294055,1.900426
10,22,1.878896,2.289988,1.88265
10,13,1.872303,2.28872,1.885853
10,20,1.870464,2.300611,1.891727
10,23,1.868468,2.264355,1.896095
10,8,1.865589,2.270332,1.882928
10,5,1.864511,2.286287,1.884646
10,28,1.861284,2.26678,1.875617
10,15,1.86094,2.271147,1.881024
10,21,1.851545,2.252316,1.876183
11,12,1.833265,2.208851,1.863027
11,26,1.814321,2.18666,1.840854
11,22,1.811436,2.180464,1.829605
11,17,1.799682,2.167773,1.817846
11,29,1.799267,2.17403,1.828867
11,24,1.792723,2.184934,1.819935
11,25,1.78626,2.16932,1.794353
11,1,1.785593,2.146167,1.802829
11,32,1.782364,2.137795,1.806324
11,19,1.782353,2.141241,1.817331
11,3,1.782141,2.139512,1.810341
11,31,1.780893,2.156523,1.797893
11,30,1.779814,2.13454,1.803924
11,6,1.776496,2.140011,1.805206
11,4,1.774118,2.137362,1.798901
11,10,1.772674,2.138246,1.795009
11,2,1.77036,2.146156,1.786035
11,27,1.769141,2.13812,1.791971
11,8,1.767485,2.126574,1.786065
11,11,1.762727,2.147534,1.777018
11,9,1.762055,2.12151,1.776618
11,14,1.758092,2.110396,1.784486
11,13,1.757707,2.122642,1.780861
11,7,1.756903,2.139141,1.787468
11,18,1.752507,2.112663,1.780789
11,15,1.751532,2.105225,1.774372
11,5,1.7421,2.107979,1.759622
11,23,1.74141,2.07836,1.773161
11,20,1.737213,2.10863,1.761667
11,21,1.7327,2.08076,1.76921
12,16,1.730095,2.07726,1.74076
11,28,1.727157,2.078722,1.747076
12,12,1.686493,2.030121,1.707658
12,1,1.653396,1.965024,1.658057
12,24,1.650743,2.003943,1.658948
12,25,1.646207,1.993957,1.656364
12,4,1.640415,1.952692,1.661658
12,8,1.629275,1.961328,1.634401
12,29,1.628195,1.960531,1.638334
12,26,1.628005,1.972537,1.630598
12,31,1.62627,1.956465,1.630331
12,10,1.623927,1.964716,1.637349
12,7,1.620427,1.967421,1.641962
12,19,1.616832,1.94448,1.636505
12,3,1.615737,1.938341,1.61161
12,17,1.61169,1.957787,1.612019
12,6,1.610479,1.940784,1.607961
12,27,1.606416,1.944344,1.628428
12,30,1.605682,1.920619,1.62327
12,32,1.603082,1.934061,1.608817
12,15,1.600331,1.926753,1.600933
13,16,1.599274,1.926893,1.590971
12,14,1.594734,1.917942,1.608252
12,13,1.593089,1.923846,1.604234
12,11,1.592797,1.941882,1.591113
12,21,1.592621,1.923639,1.596175
12,5,1.591703,1.922785,1.59576
12,2,1.591574,1.932936,1.594153
12,22,1.585776,1.922971,1.581038
12,20,1.584735,1.91968,1.59486
12,9,1.582613,1.905113,1.584044
12,28,1.573076,1.90426,1.578168
12,18,1.563229,1.889861,1.57634
12,23,1.560944,1.872615,1.567097
13,31,1.553325,1.872207,1.549917
13,12,1.553018,1.859789,1.560144
13,24,1.550796,1.872146,1.551649
13,3,1.533015,1.831745,1.52878
13,4,1.531207,1.83425,1.532094
13,29,1.516756,1.815382,1.527446
13,6,1.50962,1.823849,1.495202
13,1,1.506702,1.792122,1.502698
13,26,1.505219,1.828856,1.499719
13,10,1.501809,1.826485,1.496665
13,30,1.500825,1.787939,1.500994
13,25,1.499735,1.811788,1.502948
13,7,1.4901,1.811964,1.497015
13,13,1.489772,1.810512,1.495603
13,22,1.489578,1.79933,1.478555
13,11,1.489575,1.807625,1.481753
13,19,1.48913,1.793809,1.492345
13,27,1.486268,1.809639,1.483359
14,16,1.483991,1.796327,1.462013
13,32,1.482442,1.794625,1.482658
13,2,1.480115,1.794825,1.466212
13,5,1.479078,1.777238,1.476195
13,15,1.474974,1.769644,1.478365
13,17,1.47455,1.783633,1.467654
13,9,1.473585,1.786431,1.458225
13,14,1.473042,1.778874,1.464593
13,21,1.46813,1.782668,1.45759
13,20,1.467944,1.788303,1.457401
13,23,1.463214,1.749226,1.4742
13,18,1.459606,1.756178,1.468124
13,28,1.458917,1.762946,1.458917
13,8,1.450175,1.756278,1.437938
14,12,1.442586,1.731544,1.443824
14,24,1.422078,1.719123,1.417194
14,3,1.411163,1.67337,1.400591
14,4,1.408726,1.690594,1.406844
14,29,1.40167,1.685235,1.400276
14,31,1.393458,1.686168,1.382315
14,10,1.391335,1.691504,1.381693
14,26,1.388668,1.689637,1.3653
14,6,1.384616,1.676141,1.366335
14,11,1.380006,1.668137,1.362627
14,1,1.379701,1.656292,1.377773
14,5,1.378724,1.660983,1.367967
14,2,1.377499,1.65489,1.373133
14,30,1.376589,1.644944,1.369841
14,27,1.371873,1.664032,1.368738
14,28,1.370511,1.638268,1.376997
14,32,1.370102,1.655236,1.35746
14,7,1.368172,1.648808,1.375495
14,22,1.367583,1.653926,1.361152
14,20,1.367035,1.65528,1.365911
14,25,1.365061,1.651454,1.363085
14,19,1.365057,1.63889,1.350765
14,13,1.362024,1.652114,1.372032
14,17,1.355428,1.649156,1.33812
14,9,1.353839,1.624212,1.354246
14,18,1.341969,1.616737,1.344257
14,14,1.338558,1.61861,1.328604
14,15,1.334816,1.604864,1.33883
14,21,1.325299,1.61363,1.300046
14,23,1.32182,1.589049,1.32023
15,16,1.319909,1.602654,1.288152
14,8,1.309253,1.592219,1.28971
15,12,1.297046,1.553371,1.30019
15,10,1.267065,1.529417,1.254147
15,24,1.265541,1.518979,1.25905
15,3,1.253264,1.491914,1.237691
15,4,1.249733,1.499961,1.245882
15,29,1.247189,1.487174,1.250237
15,7,1.240744,1.478127,1.243839
15,1,1.23844,1.478874,1.22874
15,11,1.233997,1.491308,1.221091
15,19,1.231579,1.471706,1.206134
15,30,1.226567,1.47563,1.211934
15,5,1.226043,1.473115,1.210699
15,26,1.225955,1.489961,1.20504
15,13,1.225092,1.477762,1.230252
15,6,1.222571,1.489365,1.193099
15,18,1.220587,1.468667,1.214046
15,2,1.220163,1.47933,1.205485
15,25,1.21617,1.458388,1.214053
15,31,1.216094,1.467383,1.210326
15,22,1.216026,1.46981,1.207856
15,17,1.214139,1.480483,1.190236
15,32,1.211473,1.47484,1.201023
15,20,1.211358,1.450568,1.21455
15,27,1.205275,1.455309,1.195946
15,28,1.202882,1.446923,1.196708
15,14,1.200194,1.449169,1.182092
15,21,1.195415,1.450814,1.169897
15,8,1.194159,1.450292,1.170553
15,15,1.193658,1.432166,1.190238
15,9,1.187179,1.424709,1.17902
16,16,1.177548,1.42804,1.135869
15,23,1.165235,1.40047,1.158567
16,12,1.160807,1.400566,1.141396
16,10,1.136403,1.361903,1.117791
16,29,1.120624,1.343099,1.112142
16,7,1.118059,1.343219,1.104701
16,19,1.116338,1.340143,1.089996
16,24,1.111865,1.34364,1.091649
16,6,1.11139,1.335983,1.081027
16,3,1.110979,1.334788,1.07972
16,2,1.102856,1.329403,1.090146
16,26,1.102522,1.346138,1.072249
16,5,1.094703,1.320219,1.072638
16,18,1.093139,1.3228,1.070126
16,27,1.092739,1.311797,1.085342
16,13,1.092178,1.316134,1.080312
16,31,1.091138,1.317688,1.081596
16,4,1.086534,1.308772,1.069211
16,25,1.084565,1.299607,1.07965
16,21,1.083199,1.316337,1.044523
16,1,1.082588,1.303965,1.060577
16,20,1.08152,1.306668,1.067259
16,8,1.077011,1.311601,1.048361
16,11,1.076645,1.304433,1.059488
16,28,1.075224,1.28814,1.058133
16,32,1.073999,1.317827,1.054088
16,30,1.073931,1.303586,1.047387
17,16,1.071266,1.298087,1.03999
16,15,1.068088,1.284883,1.046872
16,9,1.066799,1.292239,1.046965
16,17,1.064474,1.296614,1.033235
16,14,1.059479,1.285263,1.032756
16,22,1.054682,1.276278,1.036976
16,23,1.035708,1.263653,1.013317
17,10,1.022995,1.224518,1.005165
17,12,1.013969,1.221526,0.9913
17,24,1.010057,1.217029,0.989239
17,19,1.007961,1.214174,0.989739
17,7,1.006345,1.221557,0.991406
17,26,1.002286,1.231079,0.973845
17,6,0.992,1.194916,0.964481
17,11,0.988779,1.20146,0.970807
17,29,0.988756,1.198921,0.970872
17,2,0.985021,1.188088,0.969213
17,4,0.984681,1.194496,0.967328
17,3,0.984202,1.188606,0.954369
17,18,0.983323,1.192842,0.958257
17,28,0.982487,1.169979,0.977151
17,13,0.981844,1.185928,0.970179
17,5,0.980278,1.193714,0.958673
17,21,0.97953,1.183582,0.950832
17,17,0.975825,1.18842,0.956037
17,31,0.97571,1.172905,0.965436
17,25,0.973304,1.178084,0.963165
17,27,0.97261,1.180097,0.958225
18,16,0.968671,1.19083,0.935911
17,30,0.967881,1.175469,0.94631
17,8,0.966896,1.188896,0.938658
17,20,0.960385,1.168357,0.93947
17,1,0.960018,1.165858,0.943514
17,9,0.958807,1.169771,0.938195
17,32,0.958126,1.173175,0.940282
17,23,0.958065,1.162786,0.944107
17,14,0.952213,1.165442,0.925967
17,22,0.951588,1.162925,0.938638
17,15,0.946508,1.140182,0.929983
18,19,0.927582,1.124887,0.903318
18,24,0.919123,1.121617,0.900023
18,10,0.908855,1.100328,0.896053
18,7,0.908602,1.109327,0.895062
18,3,0.907545,1.107084,0.886623
18,6,0.907494,1.098951,0.887313
18,13,0.907334,1.096415,0.895227
18,12,0.906,1.099145,0.878795
18,26,0.903471,1.117027,0.874908
18,2,0.90264,1.104564,0.883622
18,18,0.899896,1.095459,0.884075
18,28,0.89901,1.079558,0.891687
18,29,0.896872,1.100295,0.88
18,11,0.896426,1.093278,0.881117
18,17,0.895483,1.091785,0.882588
18,4,0.893518,1.096361,0.870753
18,1,0.89282,1.08432,0.885294
18,31,0.890785,1.086715,0.875189
18,22,0.890726,1.09193,0.875958
18,8,0.890309,1.101821,0.865359
18,27,0.889268,1.089792,0.874406
18,5,0.889028,1.091265,0.876363
18,20,0.888296,1.082953,0.874273
18,25,0.88574,1.081985,0.873027
18,32,0.885648,1.078533,0.874983
18,23,0.883082,1.084117,0.868146
18,21,0.882522,1.080524,0.858295
18,30,0.881837,1.0861,0.856929
18,14,0.873174,1.065443,0.859312
18,9,0.868792,1.062087,0.849748
18,15,0.865725,1.053295,0.857549
19,16,0.854785,1.049441,0.836917
19,24,0.835683,1.015967,0.830448
19,19,0.826577,1.004468,0.814424
19,2,0.820414,1.004239,0.810722
19,10,0.81351,0.978978,0.805235
19,13,0.813184,0.978575,0.809911
19,12,0.812682,0.981692,0.80314
19,26,0.810228,1.005371,0.794003
19,6,0.810102,0.980263,0.80114
19,28,0.807804,0.961678,0.803671
19,3,0.80696,0.978435,0.794981
19,7,0.806638,0.984688,0.806514
19,5,0.800878,0.984493,0.790479
19,18,0.800632,0.966544,0.800603
19,1,0.799518,0.974311,0.796655
19,29,0.797532,0.97597,0.794239
19,25,0.797323,0.973811,0.794565
19,31,0.796332,0.971985,0.785297
19,11,0.79545,0.9634,0.800951
19,23,0.794359,0.974381,0.788049
19,21,0.793407,0.968223,0.784856
19,4,0.790663,0.964156,0.783733
19,20,0.789793,0.951068,0.796454
19,8,0.789749,0.966796,0.782629
19,14,0.789448,0.961762,0.787412
19,32,0.789423,0.974492,0.782186
19,30,0.788903,0.969159,0.784283
19,27,0.787992,0.961454,0.78376
19,17,0.78724,0.960967,0.778986
20,16,0.785487,0.966693,0.766148
19,22,0.780861,0.953857,0.77288
19,15,0.77373,0.945752,0.770251
19,9,0.772735,0.944303,0.761763
20,24,0.76768,0.934791,0.760262
20,2,0.764651,0.932522,0.755817
20,19,0.761206,0.936013,0.751894
20,13,0.760575,0.923342,0.757746
20,11,0.749971,0.913459,0.751835
20,3,0.749475,0.911332,0.738263
20,10,0.749385,0.910824,0.7406
20,26,0.747727,0.925173,0.730278
20,1,0.746783,0.915636,0.739988
20,12,0.745669,0.905329,0.736851
21,16,0.742039,0.914781,0.730337
20,6,0.740878,0.905407,0.735417
20,5,0.740719,0.907255,0.729722
20,4,0.739311,0.903693,0.736424
20,14,0.738345,0.896208,0.736395
20,21,0.73737,0.901122,0.733622
20,23,0.736485,0.908052,0.727427
20,18,0.736346,0.889973,0.73288
20,28,0.735173,0.876555,0.729262
20,25,0.734852,0.899002,0.732125
20,29,0.734238,0.904701,0.728366
20,15,0.733337,0.896146,0.728092
20,8,0.73297,0.902213,0.725987
20,7,0.731232,0.89341,0.72696
20,20,0.730159,0.880338,0.744183
20,31,0.730157,0.892838,0.721353
21,2,0.728005,0.88854,0.716685
20,30,0.727515,0.893433,0.725461
20,22,0.724679,0.886373,0.71818
20,17,0.724052,0.885521,0.724455
20,27,0.720973,0.885131,0.716329
20,9,0.720012,0.881593,0.706806
20,32,0.716759,0.891663,0.708436
21,3,0.71544,0.869144,0.707632
21,24,0.715391,0.875291,0.708052
21,26,0.70976,0.876596,0.696269
21,13,0.709185,0.862015,0.710076
21,10,0.707822,0.864395,0.703399
22,16,0.707013,0.874372,0.697388
21,12,0.706857,0.855258,0.700969
21,19,0.706628,0.877288,0.694035
21,1,0.70456,0.86518,0.700077
21,14,0.702617,0.850758,0.705672
21,23,0.699042,0.864075,0.692141
21,8,0.698527,0.859117,0.693508
22,2,0.698298,0.850838,0.689725
21,11,0.696914,0.847134,0.69919
21,6,0.696721,0.849988,0.697903
21,17,0.695183,0.85729,0.696915
21,29,0.694446,0.85753,0.691885
21,18,0.694392,0.840585,0.68878
21,25,0.693443,0.848268,0.686359
21,4,0.69213,0.846859,0.688192
21,22,0.690413,0.844381,0.683278
21,20,0.689133,0.83085,0.702169
21,31,0.688452,0.841673,0.682689
21,21,0.688414,0.835162,0.68701
21,30,0.68821,0.84584,0.684799
21,7,0.686879,0.838375,0.682894
21,28,0.686774,0.826884,0.68394
21,5,0.685461,0.840186,0.675583
21,15,0.684039,0.837734,0.678213
21,9,0.681543,0.835263,0.670514
23,16,0.678938,0.83714,0.675312
22,3,0.677253,0.823509,0.676444
21,27,0.676056,0.830225,0.669544
22,19,0.674525,0.836646,0.675433
22,24,0.674449,0.829458,0.669182
22,12,0.674001,0.816397,0.674229
21,32,0.670551,0.834239,0.660621
22,8,0.670475,0.826182,0.668457
22,26,0.669575,0.827911,0.658633
22,6,0.668175,0.813522,0.676294
22,13,0.667375,0.81937,0.667653
22,14,0.667193,0.810966,0.674086
22,11,0.665756,0.814576,0.667081
22,17,0.665621,0.827093,0.666373
22,10,0.664792,0.809662,0.667404
22,1,0.663804,0.814953,0.661972
23,2,0.663133,0.810558,0.65396
22,18,0.659315,0.804161,0.657829
22,29,0.658658,0.813262,0.652103
22,20,0.657416,0.799119,0.666988
22,23,0.656642,0.812153,0.652729
22,25,0.65642,0.809304,0.653568
22,9,0.654935,0.810959,0.652206
22,28,0.654922,0.791985,0.65423
22,4,0.654397,0.801948,0.652761
22,5,0.652563,0.798868,0.646133
22,30,0.652323,0.802824,0.652442
22,21,0.651065,0.792423,0.650354
22,31,0.649976,0.794493,0.644412
22,7,0.649702,0.7937,0.647466
24,16,0.648997,0.800893,0.645134
23,19,0.646687,0.802918,0.645698
23,24,0.645993,0.796726,0.637764
22,22,0.645671,0.792614,0.641815
23,12,0.645143,0.780532,0.64084
22,15,0.644802,0.788474,0.643132
23,10,0.644013,0.786152,0.643756
23,3,0.642867,0.783518,0.64823
22,27,0.642522,0.791717,0.637123
23,6,0.642196,0.782729,0.646827
23,17,0.6415,0.794628,0.636112
23,14,0.641472,0.784621,0.644146
23,11,0.640816,0.785388,0.641997
23,26,0.64051,0.791001,0.632394
23,23,0.637872,0.785497,0.633543
23,1,0.63654,0.778728,0.637813
23,13,0.636534,0.78248,0.635626
22,32,0.636333,0.794312,0.634058
23,8,0.632914,0.780893,0.631009
23,20,0.632318,0.765598,0.644707
23,28,0.631668,0.768519,0.631089
23,18,0.630885,0.770581,0.632289
23,25,0.630419,0.779857,0.6265
24,17,0.629256,0.778857,0.623899
23,5,0.626455,0.767766,0.6217
23,29,0.626375,0.776399,0.616203
24,2,0.625268,0.766118,0.61707
23,21,0.624478,0.763745,0.619384
24,12,0.624451,0.759503,0.616982
24,10,0.623435,0.763727,0.622788
23,9,0.622919,0.770697,0.619188
24,11,0.621493,0.762124,0.618434
23,4,0.621179,0.761573,0.624399
23,22,0.621117,0.767018,0.611276
23,31,0.620901,0.75819,0.618169
24,3,0.619892,0.760341,0.623548
23,30,0.618054,0.757449,0.616834
23,27,0.617902,0.759508,0.617827
24,19,0.617589,0.764751,0.617026
23,15,0.61735,0.753184,0.619211
24,24,0.617158,0.768072,0.610065
24,26,0.617065,0.767832,0.610973
24,14,0.616514,0.757078,0.621259
24,23,0.615622,0.760908,0.608665
23,32,0.615254,0.76816,0.613528
24,13,0.613877,0.7531,0.615445
23,7,0.613557,0.751976,0.612487
24,1,0.61354,0.753116,0.616592
24,6,0.612271,0.745558,0.620035
24,28,0.609173,0.745393,0.609828
24,8,0.608676,0.749855,0.608787
24,9,0.607604,0.7541,0.604343
24,20,0.605603,0.736902,0.614514
24,29,0.605278,0.748301,0.597068
24,18,0.60454,0.734943,0.608361
24,25,0.604366,0.748957,0.602231
25,16,0.598547,0.73962,0.59546
24,5,0.597807,0.733752,0.592512
24,27,0.597261,0.732458,0.594874
24,22,0.597188,0.740673,0.588803
24,21,0.596349,0.732966,0.593755
24,30,0.595956,0.733405,0.591505
24,4,0.595877,0.730614,0.599938
24,15,0.59445,0.725588,0.598536
25,17,0.593727,0.737802,0.586679
25,10,0.592838,0.731368,0.59082
24,31,0.591733,0.725991,0.5908
24,32,0.589259,0.733101,0.58766
26,16,0.588183,0.729801,0.584886
24,7,0.587274,0.720242,0.589374
25,14,0.584637,0.72199,0.587196
25,12,0.583601,0.714885,0.580876
25,3,0.583432,0.72147,0.581702
25,24,0.581838,0.724885,0.579322
25,2,0.581201,0.717071,0.576757
26,17,0.58092,0.723725,0.572675
25,23,0.580224,0.720931,0.574307
25,13,0.580071,0.711351,0.586406
25,19,0.579788,0.718864,0.580561
25,11,0.579212,0.713905,0.577438
25,26,0.578203,0.72194,0.571991
25,20,0.57762,0.704538,0.585769
25,1,0.576197,0.709512,0.578882
25,9,0.573618,0.715113,0.573519
27,16,0.573596,0.712384,0.569735
25,6,0.573223,0.706454,0.579775
26,12,0.570817,0.697078,0.569825
26,3,0.570616,0.703573,0.571659
25,28,0.57041,0.702181,0.571028
25,5,0.568183,0.705102,0.564549
26,10,0.567771,0.696732,0.571998
25,27,0.567595,0.695663,0.563743
26,20,0.567563,0.693975,0.578074
25,18,0.566387,0.693814,0.567269
25,25,0.565688,0.702918,0.56465
25,8,0.565556,0.705388,0.562908
25,4,0.565493,0.692436,0.569988
27,17,0.565394,0.707738,0.552984
26,23,0.564617,0.695491,0.561339
26,13,0.564151,0.68622,0.575946
25,15,0.564135,0.691889,0.566075
25,30,0.563559,0.694096,0.558998
25,29,0.563299,0.698188,0.557455
26,14,0.563136,0.69376,0.568393
26,24,0.562501,0.698385,0.562991
25,32,0.561397,0.703751,0.555695
26,26,0.561261,0.700906,0.560202
26,9,0.561143,0.695765,0.563224
25,21,0.560504,0.69345,0.55567
26,19,0.56023,0.692345,0.566963
26,11,0.559805,0.690332,0.557701
25,22,0.559626,0.695164,0.551808
26,2,0.559377,0.684822,0.556662
26,1,0.55765,0.687525,0.563925
26,6,0.557466,0.684657,0.565063
25,31,0.5573,0.685073,0.554092
27,3,0.553878,0.683754,0.553146
27,10,0.55257,0.679138,0.557551
27,12,0.552364,0.674745,0.55304
26,29,0.550981,0.683107,0.545801
26,18,0.550755,0.67533,0.553188
26,8,0.550209,0.682791,0.549608
26,32,0.549363,0.686019,0.548087
27,14,0.548995,0.676869,0.556545
26,27,0.548733,0.674552,0.545134
26,5,0.548095,0.677097,0.548165
26,28,0.547868,0.676331,0.546711
26,4,0.547774,0.668839,0.554444
27,19,0.54775,0.680248,0.552824
26,15,0.547749,0.670364,0.55282
26,25,0.546985,0.676893,0.547665
25,7,0.546847,0.671025,0.547425
27,26,0.546677,0.682193,0.546821
27,20,0.54638,0.665971,0.559349
28,16,0.543844,0.67854,0.539157
27,11,0.543043,0.671296,0.538424
26,30,0.542797,0.66968,0.535209
26,22,0.542413,0.670591,0.536757
27,24,0.541788,0.6736,0.542383
27,13,0.541523,0.65949,0.553068
28,17,0.541487,0.679581,0.529624
26,31,0.540384,0.660887,0.540672
27,2,0.539962,0.664664,0.54107
27,6,0.539141,0.659214,0.550272
26,21,0.53884,0.664926,0.535766
27,23,0.538752,0.663991,0.536028
27,9,0.536708,0.667417,0.535537
27,1,0.53607,0.660221,0.541985
27,28,0.535424,0.655982,0.537017
27,4,0.5352,0.652863,0.543603
27,15,0.534242,0.652933,0.538848
27,29,0.533253,0.662296,0.527207
27,18,0.532846,0.65383,0.536888
28,12,0.531974,0.6523,0.53519
27,8,0.531714,0.659137,0.529147
26,7,0.530661,0.650708,0.532766
27,32,0.530448,0.661257,0.534347
27,5,0.530223,0.65519,0.527888
28,3,0.529848,0.660006,0.529663
27,22,0.529629,0.655355,0.520946
27,30,0.529565,0.650761,0.522511
28,19,0.52768,0.656751,0.535464
27,27,0.527498,0.647885,0.524674
28,10,0.52747,0.651962,0.52964
27,21,0.526642,0.651866,0.52506
27,25,0.523719,0.649787,0.524359
28,14,0.521986,0.648095,0.531825
28,24,0.519971,0.653141,0.520647
28,11,0.519803,0.645607,0.519016
28,20,0.519211,0.635211,0.530443
28,26,0.518283,0.649105,0.517089
28,23,0.517132,0.63855,0.515391
27,31,0.51708,0.632603,0.519311
28,13,0.517058,0.62967,0.526844
28,6,0.516488,0.632362,0.528473
29,16,0.51632,0.641947,0.511107
27,7,0.514089,0.630936,0.516769
28,9,0.513548,0.641639,0.513086
28,1,0.512473,0.635174,0.516592
28,8,0.511467,0.639899,0.506747
28,2,0.510604,0.630724,0.513275
28,4,0.510322,0.626635,0.520235
28,30,0.509397,0.629528,0.502918
28,29,0.508977,0.632642,0.504903
29,17,0.508567,0.634993,0.49831
28,18,0.508128,0.628304,0.511476
28,28,0.50805,0.624411,0.514163
28,32,0.507541,0.633854,0.50964
28,5,0.506588,0.628308,0.503457
28,15,0.50599,0.623296,0.50976
28,27,0.504908,0.62253,0.502166
28,22,0.504532,0.627736,0.499755
28,21,0.503455,0.626507,0.504652
29,3,0.499912,0.620745,0.502962
29,19,0.499608,0.617073,0.507575
28,25,0.499514,0.62104,0.501271
28,31,0.495858,0.609127,0.498187
29,12,0.495473,0.605595,0.494291
29,10,0.493963,0.607645,0.495005
29,14,0.492809,0.611979,0.497763
29,6,0.492418,0.602069,0.504437
29,24,0.491628,0.616525,0.492981
29,11,0.489412,0.604585,0.489163
29,20,0.488738,0.59666,0.49655
28,7,0.487211,0.601744,0.49075
29,29,0.486148,0.599266,0.481044
29,13,0.48531,0.587551,0.496873
29,26,0.485154,0.606209,0.482063
29,4,0.485048,0.593706,0.495324
29,1,0.484582,0.600093,0.489923
29,30,0.482728,0.594901,0.476582
29,8,0.48192,0.601147,0.47874
29,23,0.481728,0.592412,0.478834
29,27,0.480386,0.591439,0.475814
29,9,0.479707,0.596397,0.478921
30,14,0.479252,0.593126,0.485331
29,18,0.477623,0.592027,0.478655
29,5,0.477562,0.589332,0.476279
29,15,0.477473,0.585739,0.482526
29,2,0.477346,0.586149,0.48314
30,19,0.475875,0.588942,0.484116
29,32,0.475585,0.588578,0.477596
30,17,0.475544,0.593867,0.462991
30,16,0.474636,0.597648,0.476034
29,28,0.474632,0.579396,0.478926
30,3,0.47348,0.593626,0.473795
29,22,0.473385,0.587002,0.471752
29,25,0.472187,0.585986,0.473187
30,23,0.468805,0.579338,0.461566
30,20,0.468422,0.570644,0.476073
29,21,0.467463,0.580593,0.469272
29,31,0.467199,0.574657,0.470119
30,11,0.46653,0.578658,0.465229
30,10,0.463371,0.572557,0.464676
30,4,0.462679,0.570768,0.473059
30,6,0.462349,0.56851,0.473411
30,27,0.462044,0.574473,0.455233
30,24,0.46184,0.579329,0.464803
30,9,0.460924,0.579863,0.459064
30,30,0.460577,0.569735,0.453021
30,15,0.460298,0.569694,0.462803
30,12,0.458582,0.566994,0.461292
30,26,0.458072,0.57499,0.451363
30,29,0.457332,0.569944,0.452481
30,28,0.455443,0.561444,0.456665
29,7,0.455423,0.559479,0.46087
30,1,0.454382,0.56596,0.460152
30,32,0.453863,0.560314,0.456915
30,5,0.453706,0.55983,0.454731
30,22,0.453498,0.563821,0.447997
30,13,0.453492,0.555988,0.462788
30,8,0.453411,0.567776,0.451387
30,18,0.453006,0.561748,0.456022
30,2,0.450388,0.556402,0.461959
31,14,0.448677,0.557147,0.451084
30,21,0.447224,0.558192,0.445606
30,31,0.446294,0.549068,0.448542
31,17,0.445459,0.552728,0.437042
30,25,0.438235,0.545571,0.441499
31,19,0.43766,0.543463,0.44302
31,23,0.437382,0.540487,0.428042
31,16,0.436832,0.549332,0.436398
31,20,0.435033,0.529871,0.438777
31,3,0.434942,0.544994,0.434318
31,27,0.432065,0.538257,0.42438
31,11,0.430184,0.536022,0.422742
30,7,0.429152,0.535432,0.433243
31,30,0.428534,0.528708,0.420725
31,10,0.426319,0.523185,0.426441
31,5,0.425969,0.52516,0.423414
31,9,0.425959,0.533808,0.422825
31,28,0.42576,0.526245,0.422019
31,29,0.425514,0.527899,0.419578
31,6,0.425022,0.52083,0.429129
31,18,0.425017,0.527207,0.424671
31,24,0.42413,0.531393,0.425277
31,4,0.423611,0.52631,0.428971
31,22,0.423495,0.525896,0.41477
31,12,0.423169,0.524803,0.420915
31,15,0.422978,0.522095,0.425632
31,26,0.42242,0.529916,0.413269
31,1,0.421975,0.522254,0.425444
31,32,0.420678,0.521296,0.421458
31,2,0.420573,0.522613,0.42696
31,8,0.419385,0.525778,0.41688
31,31,0.418556,0.517187,0.417049
31,21,0.418424,0.521503,0.413969
31,13,0.417666,0.515409,0.421362
32,14,0.412054,0.508991,0.416075
31,25,0.403893,0.503035,0.404336
31,7,0.398296,0.500274,0.39961
32,19,0.393841,0.482156,0.40247
32,23,0.393777,0.482289,0.389853
32,3,0.392749,0.49274,0.394479
32,20,0.390615,0.474543,0.395447
32,17,0.39037,0.482819,0.387976
32,5,0.390309,0.479767,0.392736
32,27,0.389877,0.482959,0.387135
32,9,0.387641,0.483457,0.386691
32,11,0.387362,0.480911,0.385554
32,16,0.387356,0.483381,0.390093
32,10,0.385203,0.468745,0.389895
32,29,0.383805,0.471798,0.383334
32,22,0.382952,0.471135,0.381531
32,18,0.382816,0.470355,0.385142
32,4,0.382345,0.471351,0.390392
32,32,0.381558,0.47099,0.382673
32,26,0.38121,0.474902,0.377488
32,30,0.380876,0.464166,0.379378
32,13,0.379357,0.465816,0.38206
32,28,0.379256,0.467328,0.377427
32,15,0.37837,0.463766,0.38514
32,12,0.378245,0.469156,0.37689
32,21,0.376291,0.467334,0.374456
32,6,0.375808,0.459944,0.381537
32,31,0.375588,0.46009,0.376984
32,24,0.375214,0.46536,0.381184
32,1,0.373796,0.462444,0.379692
32,2,0.372775,0.459087,0.381435
32,8,0.372103,0.467257,0.373365
32,25,0.370574,0.460173,0.374325
32,7,0.357961,0.447959,0.360348
