u_id,facet,true_country,score_A,score_B,score_C,score_D,score_E,score_F,score_G,score_H,label_primary,label_primary_key,score_primary,label_secondary,score_secondary,label_confident
1309b373-b885-4aa0-b6f8-7aab4b734ac2,clothing,China,0.001389,0.573587,0.036109,0.056415,0.009739,0.062837,0.001162,0.258761,B,B_clothing,0.573587,H,0.258761,True
49f5b3aa-dc13-4ebe-bf8d-6771b9298c37,traditions,China,0.001147,0.268139,0.005925,0.074881,0.006963,0.591065,0.000214,0.051666,F,F_ritual,0.591065,B,0.268139,True
502a5fee-89c1-4f5d-b41d-9bdd65b11eb1,traditions,China,0.003839,0.025909,0.03659,0.25259,0.09998,0.540006,0.001209,0.039877,F,F_ritual,0.540006,D,0.25259,True
08f8c99f-b47b-46f6-8e29-6bcaa11d8ab1,traditions,China,0.012625,0.49097,0.067563,0.13774,0.058491,0.146031,0.000445,0.086137,B,B_clothing,0.49097,F,0.146031,True
1bad08e1-1e74-421f-996f-5c435cb367e3,traditions,China,0.039012,0.00135,0.083885,0.029572,0.002124,0.82297,0.015005,0.006082,F,F_ritual,0.82297,C,0.083885,True
de8ac0fa-d6dc-41bb-b117-f5e84f22e9e5,traditions,China,0.000397,0.002135,0.001445,0.51162,0.003823,0.477921,3.9e-05,0.00262,D,D_food,0.51162,F,0.477921,False
07dabc78-3e60-46e1-b6e4-14c03b083f61,drink,China,0.207961,0.006679,0.025043,0.026504,0.125652,0.024445,0.171909,0.411805,H,H_appearance,0.411805,A,0.207961,False
e8417033-3d23-4eb3-b225-e8d68ff8cde3,drink,China,0.00093,0.000331,0.000926,0.971469,0.000896,0.007071,0.010457,0.00792,D,D_food,0.971469,G,0.010457,True
7469bf5a-e55b-4077-8c23-4f80be8daa32,drink,China,0.005557,0.00343,0.008705,0.852698,0.003761,0.014478,0.002074,0.109297,D,D_food,0.852698,H,0.109297,True
803df59c-07e6-4459-a5cb-8c2e27237461,drink,China,0.017419,0.023046,0.028769,0.371883,0.225154,0.129918,0.011225,0.192586,D,D_food,0.371883,E,0.225154,False
b2886064-331e-4c71-a625-d9d2c5cd9421,drink,China,0.004199,0.00178,0.003658,0.159736,0.024434,0.108578,0.164611,0.533005,H,H_appearance,0.533005,G,0.164611,True
f009866e-207b-4ed4-b0d2-150b69a5d0b0,food,China,0.00324,0.001045,0.980014,0.005383,0.000568,0.008741,0.000631,0.000378,C,C_architecture,0.980014,F,0.008741,True
09c667a0-2ed1-425e-8f15-f0d7b510b5ab,food,China,0.00041,7.1e-05,0.000215,0.00101,0.997072,0.000306,6.3e-05,0.000855,E,E_script,0.997072,D,0.00101,True
5db4404d-6fd6-4ebd-ad5f-15c8be7344d5,food,China,0.000263,0.000909,0.001368,0.984139,0.00093,0.008033,0.001039,0.00332,D,D_food,0.984139,F,0.008033,True
481fa382-ad75-4f6e-bdaa-cdadfbc9f4e5,food,China,0.548006,0.002006,0.035855,0.039767,0.055736,0.007575,0.267699,0.043356,A,A_national_symbols,0.548006,G,0.267699,True
a8f5c325-4cc4-4371-bd45-5d19156de028,food,China,0.001449,0.001401,0.026471,0.940822,0.007669,0.008425,0.001885,0.011879,D,D_food,0.940822,C,0.026471,True
96037b83-81d6-4de0-ac58-e2ea3f1d0f68,rituals,China,0.000142,0.000169,0.000786,0.005122,0.000416,0.99051,0.000875,0.001981,F,F_ritual,0.99051,D,0.005122,True
22bb7d28-bb29-4a85-af25-85f66ce70d52,rituals,China,0.108828,0.001848,0.697816,0.041834,0.057035,0.079173,0.001817,0.011647,C,C_architecture,0.697816,A,0.108828,True
4c169dc1-0511-4867-803b-2c5724589072,rituals,China,0.000102,0.000807,0.00048,0.989293,0.001339,0.00663,0.000374,0.000975,D,D_food,0.989293,F,0.00663,True
d6bdefc4-d83f-4df5-a2c0-74ce4bb3dbea,rituals,China,0.008649,0.062389,0.00929,0.178399,0.013712,0.720282,0.001123,0.006156,F,F_ritual,0.720282,D,0.178399,True
aa454b8a-ea44-47d8-bfc5-8e0691affc18,rituals,China,0.00267,0.000209,0.948782,0.01594,0.026224,0.002701,0.002056,0.001418,C,C_architecture,0.948782,E,0.026224,True
c4ba628f-6ccc-4659-88e0-989cf36c6b66,drink,Canada,0.002687,0.004637,0.004794,0.286173,0.030797,0.158769,0.00681,0.505334,H,H_appearance,0.505334,D,0.286173,False
c6e2a507-d64e-4f66-a017-8c4bec7a25aa,drink,Canada,0.001345,0.001085,0.00572,0.843457,0.016546,0.02519,0.002409,0.104249,D,D_food,0.843457,H,0.104249,True
48cb84ac-f6c8-41d5-a8bd-433790fd4228,drink,Canada,0.016357,0.003617,0.004677,0.663482,0.027309,0.05088,0.006236,0.227443,D,D_food,0.663482,H,0.227443,True
af32828e-77c5-4c31-ad76-c68b4c3d2cfb,drink,Canada,0.000267,0.000154,0.001449,0.972657,0.000757,0.004032,0.008669,0.012015,D,D_food,0.972657,H,0.012015,True
96b37654-4373-4743-981d-ef25317c602a,drink,Canada,0.019638,0.001933,0.015534,0.647475,0.110206,0.041036,0.014457,0.149721,D,D_food,0.647475,H,0.149721,True
a2ebb579-6a95-4ef6-90d3-7472f9739d27,traditions,Canada,0.00352,0.002136,0.011798,0.014787,0.060671,0.013677,0.003611,0.889801,H,H_appearance,0.889801,E,0.060671,True
734acb99-0962-4131-b4f7-725c20411db8,traditions,Canada,0.009438,0.001901,0.053868,0.020739,0.014129,0.785465,0.014019,0.10044,F,F_ritual,0.785465,H,0.10044,True
a914a20e-7219-43e5-929a-a60eeb2b0eba,traditions,Canada,0.027669,0.123937,0.059215,0.018848,0.037731,0.520552,0.022342,0.189707,F,F_ritual,0.520552,H,0.189707,True
8869939b-17da-472e-8637-58d80e9291e7,traditions,Canada,0.184586,0.00979,0.093388,0.281671,0.033794,0.044354,0.045886,0.30653,H,H_appearance,0.30653,D,0.281671,False
184d6c08-7237-4f6b-b49d-04b5b2bef635,traditions,Canada,0.985855,6.8e-05,0.001378,0.000985,0.009403,0.000517,0.000229,0.001566,A,A_national_symbols,0.985855,E,0.009403,True
8a4aa22a-5c51-425d-ad3d-69de43f88b0c,food,Canada,0.155445,0.00857,0.0224,0.25549,0.043952,0.065042,0.170826,0.278275,H,H_appearance,0.278275,D,0.25549,False
6c905b2d-0ff6-4c21-b0ef-50861a2cc2b5,food,Canada,0.011731,0.000499,0.002652,0.948496,0.000515,0.020997,0.003638,0.011472,D,D_food,0.948496,F,0.020997,True
0c62e0fb-0aea-49a7-b333-b15a64c8359f,food,Canada,0.000211,0.000124,0.000203,0.984513,0.001135,0.013025,0.000239,0.00055,D,D_food,0.984513,F,0.013025,True
7174dc33-dbe6-4c70-a3ef-ae0be8ab6b29,food,Canada,0.008681,7.1e-05,0.010949,0.723053,0.022927,0.01425,0.049508,0.17056,D,D_food,0.723053,H,0.17056,True
fdd8ea6d-e848-4b9c-af83-8e1ad010ef1e,food,Canada,0.039989,0.000535,0.006629,0.867588,0.008505,0.014336,0.003977,0.058441,D,D_food,0.867588,H,0.058441,True
b5ddf9ce-952d-4fe5-a878-b1ffe90ff1ef,rituals,Canada,0.000247,0.000174,0.995328,0.000296,0.000152,0.000617,0.00024,0.002946,C,C_architecture,0.995328,H,0.002946,True
4f04c1f6-a284-4219-9412-beacc222f51d,rituals,Canada,0.856681,0.003491,0.002139,0.002687,0.013724,0.110743,0.000581,0.009953,A,A_national_symbols,0.856681,F,0.110743,True
fa9d08f1-413b-4a05-b058-380843d46806,rituals,Canada,0.007144,0.017817,0.021073,0.018608,0.017572,0.579767,0.013977,0.324043,F,F_ritual,0.579767,H,0.324043,False
746e8569-1091-499b-8de8-08bce681dd84,rituals,Canada,0.008784,0.040619,0.066505,0.068215,0.050278,0.453756,0.009792,0.30205,F,F_ritual,0.453756,H,0.30205,False
19ae4ab7-a1b1-47c9-a81d-24a4020df41a,rituals,Canada,0.440323,0.000509,0.483472,0.009153,0.012001,0.026134,0.00774,0.020668,C,C_architecture,0.483472,A,0.440323,False
318807ce-d521-41f7-b9b2-e533deb7a178,clothing,Canada,0.012006,0.151516,0.108387,0.077766,0.065182,0.00404,0.006725,0.574378,H,H_appearance,0.574378,B,0.151516,True
acd68d0e-9d10-40ef-9fd1-cbdc720808ef,clothing,Canada,0.535798,0.087031,0.014662,0.018845,0.01083,0.01957,0.189553,0.123711,A,A_national_symbols,0.535798,G,0.189553,True
591a4da1-0a04-4dc6-ba4e-a3526dbce1c6,clothing,Canada,0.010269,0.105255,0.036488,0.16265,0.040247,0.055645,0.330937,0.258511,G,G_landscape,0.330937,H,0.258511,False
bfa7333e-1ab0-4ebc-b11c-d7c0cc5a9e8c,clothing,Canada,0.811499,0.097013,0.006305,0.014376,0.006654,0.019168,0.002835,0.042151,A,A_national_symbols,0.811499,B,0.097013,True
87161e09-edf6-46a7-acf4-1d2ba9f61348,clothing,Canada,0.398466,0.015601,0.128234,0.1446,0.031761,0.115397,0.050514,0.115429,A,A_national_symbols,0.398466,D,0.1446,True
31824d6c-cdda-43df-9792-17cb3f44217d,traditions,Nigeria,0.014707,0.877978,0.001968,0.034719,0.013333,0.049236,0.000513,0.007545,B,B_clothing,0.877978,F,0.049236,True
7409a04b-e4e0-48a6-83aa-9ea94eeb78da,traditions,Nigeria,0.117389,0.010734,0.010953,0.132943,0.027314,0.077289,0.415243,0.208135,G,G_landscape,0.415243,H,0.208135,False
a2ccb005-d747-43f8-8315-2518a1ece07d,traditions,Nigeria,0.071719,0.044478,0.010551,0.373952,0.037212,0.069974,0.053767,0.338347,D,D_food,0.373952,H,0.338347,False
bb027c12-2666-421b-a523-4bd7c4c30f20,traditions,Nigeria,0.02707,0.10783,0.02899,0.21189,0.007896,0.088441,0.020526,0.507357,H,H_appearance,0.507357,D,0.21189,True
4713f5b0-48da-4ab5-99bc-ffe12d7d62fa,traditions,Nigeria,0.010386,0.121694,0.053583,0.06246,0.176458,0.314595,0.004409,0.256415,F,F_ritual,0.314595,H,0.256415,False
98b439d0-91bc-40ba-8d77-ec2889c96666,clothing,Nigeria,0.000272,0.099519,0.001938,0.006582,0.00106,0.00112,0.000587,0.888921,H,H_appearance,0.888921,B,0.099519,True
4457fdf9-a623-41bd-8a0d-fd42128f38b3,clothing,Nigeria,3.1e-05,0.961234,0.000219,0.000423,0.000116,0.007213,1.1e-05,0.030752,B,B_clothing,0.961234,H,0.030752,True
2c1bd295-9cde-47af-af0e-202c03272d01,clothing,Nigeria,1e-05,0.96852,9.3e-05,0.000969,9.3e-05,0.002148,2.8e-05,0.028139,B,B_clothing,0.96852,H,0.028139,True
da343301-2fc3-42b9-9d8e-7f90b000f00f,clothing,Nigeria,0.002148,0.24805,0.000802,0.559483,0.000892,0.037965,0.130365,0.020296,D,D_food,0.559483,B,0.24805,True
c717f3a6-7b14-4f61-b395-89d63b0c6e73,clothing,Nigeria,0.000556,0.826969,0.00166,0.010346,0.000371,0.092421,0.000264,0.067413,B,B_clothing,0.826969,F,0.092421,True
4b6b43e4-d3c9-4faf-8ed9-ed1e51754baf,rituals,Nigeria,0.26055,0.003301,0.005868,0.261457,0.051535,0.052401,0.336912,0.027976,G,G_landscape,0.336912,D,0.261457,False
6e72fc43-14d2-40a5-863c-62d14dc5facb,rituals,Nigeria,1.4e-05,0.159735,3.2e-05,0.006664,0.000742,0.832235,7.1e-05,0.000507,F,F_ritual,0.832235,B,0.159735,True
60c2f1e2-820c-4c10-a873-af1a75d9e4db,rituals,Nigeria,3.2e-05,0.323424,0.000113,0.004279,4.7e-05,0.667271,9e-06,0.004826,F,F_ritual,0.667271,B,0.323424,True
0ce7d616-31bd-4eac-99ec-195e0172b4fc,rituals,Nigeria,0.00867,0.110963,0.011823,0.26838,0.009231,0.530333,0.000645,0.059954,F,F_ritual,0.530333,D,0.26838,False
3a181f33-846c-43f8-8512-5919ce7088bf,rituals,Nigeria,0.046323,0.69111,0.016078,0.060017,0.087748,0.030215,0.003961,0.064547,B,B_clothing,0.69111,E,0.087748,True
67fa11a3-fa1f-4817-a189-87f38daf3011,drink,Nigeria,0.202375,0.002515,0.003388,0.472954,0.015231,0.050621,0.169425,0.08349,D,D_food,0.472954,A,0.202375,True
6518121e-ba08-4e76-aa33-2c2e00598fdd,drink,Nigeria,0.000209,0.93312,0.000758,0.044497,0.000129,0.019661,7.8e-05,0.001548,B,B_clothing,0.93312,D,0.044497,True
dc012abe-5e86-41c4-b740-a9e91a0fe240,drink,Nigeria,0.000774,0.041747,0.005943,0.207413,0.002486,0.018075,0.000209,0.723353,H,H_appearance,0.723353,D,0.207413,True
3b78bd2d-5f55-4480-8637-ccc22c549402,drink,Nigeria,0.000777,0.000323,0.000581,0.006605,0.000673,0.009795,0.000442,0.980804,H,H_appearance,0.980804,F,0.009795,True
9ace2f1e-6a06-45ba-bed9-46ac3b80b038,drink,Nigeria,0.015933,0.022736,0.002784,0.816348,0.015838,0.075203,0.002464,0.048694,D,D_food,0.816348,F,0.075203,True
ecd4f0c8-0bb6-4a35-ac36-66588d7d4185,food,Nigeria,0.006093,0.000432,0.008909,0.392968,0.001262,0.006332,0.006774,0.57723,H,H_appearance,0.57723,D,0.392968,False
69a710fd-f216-43b8-9ec6-8fd324c49690,food,Nigeria,0.002664,0.000304,0.003679,0.608631,0.00796,0.006303,0.00784,0.36262,D,D_food,0.608631,H,0.36262,False
30beeebf-ea67-484f-93a7-2cfd29242fe4,food,Nigeria,0.000933,0.000263,0.001629,0.001221,0.000902,0.00254,0.990777,0.001735,G,G_landscape,0.990777,F,0.00254,True
6edf17b0-f94a-42d4-b233-4234439deda4,food,Nigeria,5.2e-05,0.000158,0.000116,0.996366,0.000124,0.001484,0.000194,0.001504,D,D_food,0.996366,H,0.001504,True
c6582a96-d4df-4b5a-8a86-3652687aa1e8,food,Nigeria,0.000255,0.001138,0.00086,0.97836,0.00065,0.01299,0.001551,0.004195,D,D_food,0.97836,F,0.01299,True
13f37320-7bb5-4232-9bf2-8f28c57c4582,food,USA,0.000892,0.00017,0.002918,0.991723,0.000362,0.002856,0.000409,0.000672,D,D_food,0.991723,C,0.002918,True
9e63b44b-6f24-4288-9b27-8626e11bf0a3,food,USA,9.7e-05,0.000446,0.000193,0.977356,0.0016,0.011386,0.005495,0.003427,D,D_food,0.977356,F,0.011386,True
a2dcde1c-1b2c-4936-ac07-8e912413e23e,food,USA,2.5e-05,0.002825,0.001106,0.977079,0.001137,0.017148,1.9e-05,0.00066,D,D_food,0.977079,F,0.017148,True
6f5bf0aa-f72d-4e5d-8ac8-bcc1761d0f8a,food,USA,0.00388,0.000197,0.11587,0.017467,0.001472,0.003918,0.813636,0.043559,G,G_landscape,0.813636,C,0.11587,True
41388d0a-c0cd-4947-a415-db9ba4893bcd,food,USA,0.001962,0.00014,0.004233,0.968627,0.000108,0.001358,0.000198,0.023373,D,D_food,0.968627,H,0.023373,True
4455c508-07a5-483c-a247-92904d635fee,traditions,USA,0.006251,0.003382,0.003712,0.733079,0.011659,0.149842,0.016064,0.076012,D,D_food,0.733079,F,0.149842,True
9e592190-7413-4778-8631-3908e7577661,traditions,USA,0.001675,0.069191,0.013105,0.029361,0.039584,0.57268,0.000294,0.274111,F,F_ritual,0.57268,H,0.274111,True
a6b53f36-7864-4876-a058-7e0be321388b,traditions,USA,0.190101,0.00495,0.044211,0.021845,0.111456,0.130243,0.034372,0.462822,H,H_appearance,0.462822,A,0.190101,True
5473783d-ba57-45b2-8414-33eb26c36ccf,traditions,USA,0.002162,0.001648,0.050312,0.029225,0.1658,0.054994,0.011875,0.683984,H,H_appearance,0.683984,E,0.1658,True
89df03ce-b19f-474d-8f36-e9b41be7d3d5,traditions,USA,0.001704,0.000164,0.001052,0.981588,0.000492,0.010582,0.000272,0.004145,D,D_food,0.981588,F,0.010582,True
7d6f190c-4df7-4306-a1e9-b87ed1e3087c,rituals,USA,0.886297,0.000232,0.00512,0.002841,0.00318,0.008466,0.011252,0.082611,A,A_national_symbols,0.886297,H,0.082611,True
ff57c370-a704-49a2-8662-f040dca197df,rituals,USA,0.015416,0.047238,0.044728,0.035274,0.107528,0.094334,0.031176,0.624307,H,H_appearance,0.624307,E,0.107528,True
87a16f79-2e21-4b11-93b2-4871169911e7,rituals,USA,0.869866,0.001858,0.019807,0.001612,0.000852,0.087723,0.001725,0.016557,A,A_national_symbols,0.869866,F,0.087723,True
1880497c-e945-4689-839e-03022a70d7a7,rituals,USA,0.085451,0.012594,0.007295,0.00996,0.002376,0.005225,0.000738,0.876361,H,H_appearance,0.876361,A,0.085451,True
4436f0b0-f4fe-4383-911d-4640c75d9018,rituals,USA,0.00056,0.009624,0.098023,0.050935,0.160592,0.122603,0.007739,0.549924,H,H_appearance,0.549924,E,0.160592,True
46718728-a72a-4651-a2dc-d9d39b32ab74,clothing,USA,0.004073,0.256418,0.010191,0.011262,0.00759,0.008874,0.004763,0.69683,H,H_appearance,0.69683,B,0.256418,True
87cc957e-bd81-4ea9-8d40-d6d9bce4ec76,clothing,USA,0.000997,0.565689,0.024649,0.009667,0.071786,0.17244,0.004752,0.150021,B,B_clothing,0.565689,F,0.17244,True
2b697bc6-809b-4d92-aa10-10c31472acaa,clothing,USA,0.005215,0.36281,0.027701,0.098203,0.046718,0.07639,0.003006,0.379956,H,H_appearance,0.379956,B,0.36281,False
f3dee24e-9af4-4a3e-b21c-ad8bf74510dc,clothing,USA,0.046284,0.0066,0.055949,0.023704,0.139368,0.021398,0.610444,0.096252,G,G_landscape,0.610444,E,0.139368,True
b6aaf31f-d668-4f6e-9d34-c7ecbfa7c8a8,clothing,USA,0.922065,0.004581,0.001403,0.007154,0.003835,0.012904,0.000488,0.04757,A,A_national_symbols,0.922065,H,0.04757,True
9f2b9f74-faa4-4b54-a4f1-aa65e32cb9f9,drink,USA,0.001896,0.000255,0.007227,0.621304,0.024444,0.040464,0.003801,0.300608,D,D_food,0.621304,H,0.300608,True
7cd63749-44d8-4024-ac6c-727bde0ae91a,drink,USA,0.006225,0.002134,0.095999,0.367866,0.044753,0.063798,0.009227,0.409998,H,H_appearance,0.409998,D,0.367866,False
dca004c5-3d95-44e6-95ef-8116165e04a3,drink,USA,0.20203,0.001146,0.01008,0.085311,0.022799,0.566028,0.006525,0.10608,F,F_ritual,0.566028,A,0.20203,True
d527b146-00a1-41fb-8671-6114ee9cabb9,drink,USA,0.027088,0.031591,0.068868,0.193571,0.15455,0.058657,0.017652,0.448023,H,H_appearance,0.448023,D,0.193571,True
2fd3e1c4-4980-4f7d-8876-69cd79654a75,drink,USA,0.001896,0.000255,0.007227,0.621304,0.024444,0.040464,0.003801,0.300608,D,D_food,0.621304,H,0.300608,True
41e6fcd3-a802-4639-a9f3-3943c6b1242a,rituals,India,0.009584,0.000208,0.002324,0.001701,0.001687,0.001322,0.980569,0.002606,G,G_landscape,0.980569,A,0.009584,True
6a8d47c3-55db-4f2d-b7e0-6c25b6a268c8,rituals,India,0.001103,0.004075,0.849231,0.053429,0.006042,0.049347,0.001397,0.035376,C,C_architecture,0.849231,D,0.053429,True
b577985c-6eca-41d4-805c-13fdb8822df8,rituals,India,1.4e-05,0.003327,0.000382,0.0004,0.000164,0.995475,3e-06,0.000234,F,F_ritual,0.995475,B,0.003327,True
fdc20e45-b3db-48bd-946b-8969194f3fde,rituals,India,0.01184,0.00261,0.007345,0.417302,0.030125,0.031828,0.052126,0.446824,H,H_appearance,0.446824,D,0.417302,False
9844e1be-1620-44ee-ac68-57ae9d58ab4f,rituals,India,0.052237,0.000715,0.002636,0.003537,0.00025,0.924595,0.004199,0.01183,F,F_ritual,0.924595,A,0.052237,True
eced265e-c274-45b9-9e1d-16ab6fbad9cd,clothing,India,0.030141,0.082649,0.019902,0.103151,0.023431,0.306827,0.029483,0.404414,H,H_appearance,0.404414,F,0.306827,False
a9aa210b-bfa3-4ff6-8c82-3c3e7b4544b5,clothing,India,0.000112,0.7624,0.005386,0.001096,0.009906,0.115859,0.000373,0.104867,B,B_clothing,0.7624,F,0.115859,True
0c06402c-32eb-4fb0-bd5c-3d8ce5f6e9e2,clothing,India,0.00196,0.809081,0.003375,0.001591,0.002642,0.080346,0.008094,0.092911,B,B_clothing,0.809081,H,0.092911,True
ac9a3d5c-63dd-4fbd-9676-9f913f4029f3,clothing,India,0.001273,0.789133,0.004224,0.004326,0.001514,0.104813,0.000456,0.094262,B,B_clothing,0.789133,F,0.104813,True
520f8c8b-3426-4a8e-affd-07b0c26f954b,clothing,India,0.024674,0.90861,0.003729,0.007707,0.002827,0.030965,0.007795,0.013693,B,B_clothing,0.90861,F,0.030965,True
d4d631c2-4c15-4f43-b3bb-bd1fe3157b64,traditions,India,0.336844,0.017778,0.09602,0.014605,0.010208,0.099005,0.38294,0.042599,G,G_landscape,0.38294,A,0.336844,False
0f7abdc3-c885-4d91-bb7d-67f1c607a7d0,traditions,India,0.004329,0.000122,0.002214,0.008449,0.001078,0.002535,0.977219,0.004054,G,G_landscape,0.977219,D,0.008449,True
be330458-bfe8-4b6d-ab4f-0e121faca59d,traditions,India,0.634569,0.0018,0.00137,0.004147,0.000194,0.336894,0.000309,0.020717,A,A_national_symbols,0.634569,F,0.336894,False
ae89905e-966f-43f0-8c0f-cc4ce1b87ac1,traditions,India,0.000438,0.00012,0.007179,0.001292,0.003965,0.000377,0.983632,0.002997,G,G_landscape,0.983632,C,0.007179,True
3156bba1-7c6d-417e-8841-d6319dc7e3af,traditions,India,0.058656,0.000969,0.024151,0.024831,0.047184,0.026213,0.138018,0.679976,H,H_appearance,0.679976,G,0.138018,True
dad09341-9891-4f9e-b292-1f834f9fedc4,drink,India,0.002092,0.004161,0.0066,0.724616,0.023281,0.030594,0.013851,0.194804,D,D_food,0.724616,H,0.194804,True
9e192054-6b30-44b3-841f-785853bfe7e4,drink,India,0.000879,0.001124,0.054894,0.289338,0.017104,0.012532,0.05457,0.569559,H,H_appearance,0.569559,D,0.289338,False
4048bef4-586f-466a-8f53-3a1332979fcd,drink,India,0.000662,0.001242,0.003553,0.83319,0.037071,0.090183,0.006247,0.027852,D,D_food,0.83319,F,0.090183,True
c62249de-cc8b-43b7-aa90-842dbd8d89e2,drink,India,0.018243,0.004152,0.056123,0.40164,0.025932,0.275159,0.040321,0.17843,D,D_food,0.40164,F,0.275159,False
6ec6b59a-9126-4462-89ee-df55d996f4ab,drink,India,0.163775,0.000643,0.715001,0.045997,0.003707,0.005715,0.046262,0.0189,C,C_architecture,0.715001,A,0.163775,True
5c7b7038-b58d-4a21-b867-b7a72612ff55,food,India,0.017504,0.002146,0.009135,0.536796,0.001387,0.429329,0.001608,0.002095,D,D_food,0.536796,F,0.429329,False
39e397ed-fa8c-40ee-974d-b2f01e397e64,food,India,0.101458,0.11589,0.10964,0.024797,0.124598,0.22446,0.007302,0.291855,H,H_appearance,0.291855,F,0.22446,False
a82f3319-8037-44df-bcab-0d39d14590e6,food,India,0.005695,1e-05,0.002296,0.923618,0.009926,0.002152,0.003464,0.052839,D,D_food,0.923618,H,0.052839,True
3bbeaac4-39d5-449f-b8e0-69a66bbb9400,food,India,0.082695,0.016775,0.06262,0.01389,0.282306,0.159487,0.043076,0.339152,H,H_appearance,0.339152,E,0.282306,False
4e2b3e11-9de8-4bfb-99c2-0bac3f7c7618,food,India,0.015165,0.001613,0.027505,0.044617,0.022715,0.016999,0.745813,0.125573,G,G_landscape,0.745813,H,0.125573,True
e43999fc-df28-41f1-982f-64a51d79acb7,rituals,Turkey,0.001115,0.863574,0.008819,0.032675,0.002693,0.072927,0.000281,0.017916,B,B_clothing,0.863574,F,0.072927,True
c3a1ddb5-f12f-4806-bda6-4189d38228d7,rituals,Turkey,0.013401,0.006184,0.037107,0.824784,0.067939,0.041975,0.001954,0.006656,D,D_food,0.824784,E,0.067939,True
a950d18e-1dbc-46c8-955e-4bbf4f41aadb,rituals,Turkey,0.023989,0.000872,0.961839,0.003739,0.002827,0.005554,0.000696,0.000484,C,C_architecture,0.961839,A,0.023989,True
2b049977-6bfc-4a19-b59a-c9e2beffab94,rituals,Turkey,0.00045,0.005856,0.013227,0.129611,0.015932,0.045427,0.009135,0.780363,H,H_appearance,0.780363,D,0.129611,True
2329409d-2712-4aa5-96d1-2cd16298f150,rituals,Turkey,0.003906,0.012345,0.068656,0.522194,0.279595,0.087659,0.006523,0.019123,D,D_food,0.522194,E,0.279595,False
a7465e78-a57b-4a6c-bbcf-9214feeafb74,drink,Turkey,0.014047,0.003904,0.018105,0.892136,0.030141,0.030246,0.004549,0.006871,D,D_food,0.892136,F,0.030246,True
fc76de15-b866-4251-af12-bd76901f7c3d,drink,Turkey,0.006715,0.00209,0.023204,0.921932,0.015455,0.021822,0.006716,0.002066,D,D_food,0.921932,C,0.023204,True
cedc6039-0f3d-4995-bf1f-eb1cd6590cbf,drink,Turkey,0.014047,0.003904,0.018105,0.892136,0.030141,0.030246,0.004549,0.006871,D,D_food,0.892136,F,0.030246,True
1a2b2bda-ede8-4e7c-99a6-7072401066e6,drink,Turkey,0.020904,0.066306,0.063104,0.525111,0.118549,0.161736,0.030303,0.013987,D,D_food,0.525111,F,0.161736,True
fa819613-c07e-4e81-ae2a-6a5fee7b350b,drink,Turkey,0.038104,0.000976,0.067543,0.464345,0.270451,0.025765,0.011533,0.121284,D,D_food,0.464345,E,0.270451,False
4efc5850-d150-471b-8188-4f35d3b63b48,clothing,Turkey,0.155966,0.031539,0.004063,0.039503,0.705929,0.003793,0.029588,0.029618,E,E_script,0.705929,A,0.155966,True
a5ffd0e5-343e-484b-92dc-aa8f00b18e98,clothing,Turkey,0.002181,0.426572,0.160345,0.054458,0.04519,0.249861,0.012492,0.048901,B,B_clothing,0.426572,F,0.249861,False
c67a3887-7cf3-4455-8122-e60eedd643a7,clothing,Turkey,9.4e-05,0.992333,0.000672,0.000158,0.000781,0.003339,5.6e-05,0.002568,B,B_clothing,0.992333,F,0.003339,True
0c5aee4c-d9fe-462e-8df1-ef7320c618cb,clothing,Turkey,0.032561,0.002497,0.189606,0.131513,0.071208,0.006154,0.060226,0.506235,H,H_appearance,0.506235,C,0.189606,True
2272ab97-94b6-4151-9ec6-763f05b0c22c,clothing,Turkey,0.158739,0.011536,0.062136,0.008161,0.179834,0.219913,0.000854,0.358828,H,H_appearance,0.358828,F,0.219913,False
2b514973-2195-4908-8bda-3f958deb8bdb,food,Turkey,0.000245,9.9e-05,5.6e-05,0.988408,8.5e-05,0.008538,0.000117,0.002452,D,D_food,0.988408,F,0.008538,True
f7a3dcee-b9cb-4f4b-94b6-617336a4d320,food,Turkey,0.046047,0.020887,0.01489,0.35232,0.007721,0.051728,0.393494,0.112913,G,G_landscape,0.393494,D,0.35232,False
fd72fc17-d0df-47fd-9d0c-4e6803e873c0,food,Turkey,0.001333,0.000172,0.005998,0.973346,0.001771,0.013047,0.001739,0.002594,D,D_food,0.973346,F,0.013047,True
e3ddb612-2a9b-4cda-a547-572583a1e202,food,Turkey,0.001408,0.002375,0.044156,0.826903,0.010254,0.110686,0.001302,0.002916,D,D_food,0.826903,F,0.110686,True
c6f9ae05-ef81-4957-b6f0-7a177580e2d5,food,Turkey,0.002361,0.000159,0.020784,0.899666,0.003369,0.016875,0.051806,0.004978,D,D_food,0.899666,G,0.051806,True
443e4b25-3d4a-40e3-a270-e48c9d37f105,traditions,Turkey,0.055079,0.039191,0.043569,0.055103,0.135011,0.209833,0.132445,0.329769,H,H_appearance,0.329769,F,0.209833,False
e2af3f45-8230-49e5-9fb2-19c8b42b9816,traditions,Turkey,0.006679,0.000576,0.016107,0.842413,0.066135,0.038036,0.003513,0.026543,D,D_food,0.842413,E,0.066135,True
9463f29a-4672-4021-923f-3827ddcfae45,traditions,Turkey,0.001017,0.000592,0.631226,0.0117,0.005747,0.005727,0.332905,0.011086,C,C_architecture,0.631226,G,0.332905,False
c5fa60a8-7191-498a-8cc9-db07ec48dd86,traditions,Turkey,0.333976,0.111435,0.071319,0.133523,0.19624,0.04321,0.005484,0.104814,A,A_national_symbols,0.333976,E,0.19624,False
a48d89f9-3486-46e8-a68c-c47ad537226f,traditions,Turkey,0.015656,0.001655,0.101606,0.057152,0.010975,0.159306,0.64467,0.00898,G,G_landscape,0.64467,F,0.159306,True
468a0a50-3eba-40b2-92b0-5b172fb30c01,traditions,Ethiopia,2.1e-05,4.5e-05,0.000204,0.99729,0.000462,0.000565,6.5e-05,0.001348,D,D_food,0.99729,H,0.001348,True
f555701d-40c7-4400-9bdc-eda62ace2912,traditions,Ethiopia,0.035941,0.016955,0.387785,0.064661,0.001796,0.009413,0.471334,0.012116,G,G_landscape,0.471334,C,0.387785,False
6653f8dd-3fff-48a3-8e29-065917a610b0,traditions,Ethiopia,0.000343,0.71656,0.002339,0.18596,0.003966,0.012594,0.026549,0.05169,B,B_clothing,0.71656,D,0.18596,True
8eafe537-95b2-4e1f-8416-8196d5fd59cb,traditions,Ethiopia,0.000524,0.001122,0.00189,0.005168,0.000414,0.00062,0.988725,0.001538,G,G_landscape,0.988725,D,0.005168,True
7cde7484-09d6-4675-859f-c98293b98f27,traditions,Ethiopia,0.001885,0.280495,0.013223,0.105248,0.018104,0.052654,0.002184,0.526207,H,H_appearance,0.526207,B,0.280495,False
b42f7e81-16d7-4b6b-a305-d8e79c5ddf58,drink,Ethiopia,0.000868,0.830871,0.000165,0.160634,0.000108,0.005191,6.5e-05,0.002098,B,B_clothing,0.830871,D,0.160634,True
46f8812b-adca-4161-ae1f-9f6c5600599c,drink,Ethiopia,0.024001,0.023747,0.103867,0.201927,0.299737,0.041041,0.094823,0.210857,E,E_script,0.299737,H,0.210857,False
d97dd49b-2351-46fb-814b-b5f0a72d251e,drink,Ethiopia,0.028323,0.004116,0.006184,0.873092,0.010732,0.02638,0.005671,0.045503,D,D_food,0.873092,H,0.045503,True
c8b19f46-371b-46f5-89ca-93b99b2fd6a0,drink,Ethiopia,0.020676,0.938114,0.001404,0.026273,0.004858,0.00282,0.00058,0.005274,B,B_clothing,0.938114,D,0.026273,True
f71472c0-2cb4-475d-9b08-5787585f550e,drink,Ethiopia,0.013844,0.005477,0.008754,0.387965,0.01135,0.026665,0.404498,0.141448,G,G_landscape,0.404498,D,0.387965,False
bff5977b-7901-4d1e-96a1-5c0d19848a0f,clothing,Ethiopia,0.958669,0.010559,0.000371,0.008377,0.006649,0.001446,0.000528,0.013399,A,A_national_symbols,0.958669,H,0.013399,True
5880280d-93fc-446b-8079-58300559adda,clothing,Ethiopia,0.000224,0.891314,0.001106,0.071621,0.000731,0.002003,0.000213,0.032789,B,B_clothing,0.891314,D,0.071621,True
9cddc74e-a74b-4b29-9493-f6bac0aa27ea,clothing,Ethiopia,0.008312,0.90499,0.018244,0.044616,0.011864,0.005334,0.000688,0.005953,B,B_clothing,0.90499,D,0.044616,True
0b04f451-42cf-462b-b983-307e13183f45,clothing,Ethiopia,0.001109,0.914364,0.032728,0.007089,0.014591,0.011746,7e-05,0.018304,B,B_clothing,0.914364,C,0.032728,True
01a1d08a-e2a5-4a81-afb5-9831cddd3e88,clothing,Ethiopia,0.001572,0.000278,0.003138,0.28064,0.011773,0.0055,0.23441,0.462689,H,H_appearance,0.462689,D,0.28064,False
3d4755c8-3116-45b7-a80f-10c886ec742d,food,Ethiopia,0.008885,0.003687,0.013794,0.249236,0.002506,0.009055,0.710555,0.002283,G,G_landscape,0.710555,D,0.249236,True
1b7870bb-8b83-46e9-bced-5f1f7c45ec19,food,Ethiopia,0.199252,0.005559,0.064353,0.047049,0.026593,0.087829,0.415562,0.153804,G,G_landscape,0.415562,A,0.199252,True
9c96c4f7-b755-4960-948b-8c0ea7761880,food,Ethiopia,0.000218,0.002432,0.002247,0.963273,0.002353,0.003952,0.000768,0.024758,D,D_food,0.963273,H,0.024758,True
dc3a53b7-bcd5-4354-93b6-f954b82269e1,food,Ethiopia,9.5e-05,0.000519,6.2e-05,0.998202,8.7e-05,0.000565,5.8e-05,0.000411,D,D_food,0.998202,F,0.000565,True
3d773278-fed5-46fd-976e-a018441b9190,food,Ethiopia,0.001308,0.000615,0.005173,0.959273,0.001736,0.007641,0.008386,0.015867,D,D_food,0.959273,H,0.015867,True
0ed35e82-2fa8-46d6-b4e0-629c66728ae8,rituals,Ethiopia,0.006497,0.05949,0.159164,0.003213,0.001298,0.569919,0.002552,0.197866,F,F_ritual,0.569919,H,0.197866,True
22cd2fea-0e59-4662-8146-874abbac1fcf,rituals,Ethiopia,0.000247,0.0985,0.002646,0.003783,0.000151,0.892898,2.1e-05,0.001754,F,F_ritual,0.892898,B,0.0985,True
d54dbb9a-94a1-470b-a1d1-12f9f313bb77,rituals,Ethiopia,0.117462,0.033106,0.158956,0.054338,0.006346,0.032038,0.584765,0.01299,G,G_landscape,0.584765,C,0.158956,True
535f44c0-e569-40b7-9b05-2ab1ef0f8368,rituals,Ethiopia,7.1e-05,0.04173,0.000726,0.793477,0.001374,0.159793,6.1e-05,0.002768,D,D_food,0.793477,F,0.159793,True
f8c67c30-7009-4b45-9991-34eae86da207,rituals,Ethiopia,0.007085,0.90058,0.007439,0.020959,0.00915,0.020407,0.001615,0.032765,B,B_clothing,0.90058,H,0.032765,True
19289618-394a-4b0b-ad8f-ffe2157564aa,rituals,Iran,0.025513,0.006243,0.112543,0.069955,0.10004,0.019512,0.279424,0.38677,H,H_appearance,0.38677,G,0.279424,False
98eed9b0-5603-4c58-b498-34df83a4d44e,rituals,Iran,0.001092,0.013327,0.00901,0.201607,0.037638,0.518274,0.000976,0.218076,F,F_ritual,0.518274,H,0.218076,True
139ebae1-b6e8-4a4c-9368-f0bb40c93b7e,rituals,Iran,7.8e-05,0.000506,0.0001,0.970023,0.002199,0.021055,0.000603,0.005436,D,D_food,0.970023,F,0.021055,True
d4763361-b78a-4ad4-a747-43d7d7d74151,rituals,Iran,0.006517,0.000575,0.00119,0.878165,0.010489,0.041947,0.012028,0.049089,D,D_food,0.878165,H,0.049089,True
0b9aadd7-4769-4584-8fd7-428dfa00fdaf,rituals,Iran,0.000313,0.000234,0.004554,0.921122,0.004675,0.008594,0.006037,0.054471,D,D_food,0.921122,H,0.054471,True
00a46fda-95f7-455b-8bba-e320575b6ea3,food,Iran,0.000182,0.001306,0.000451,0.71423,0.000347,0.282104,6.2e-05,0.001318,D,D_food,0.71423,F,0.282104,True
79f909c7-d80a-4cab-a96a-0f26f374331c,food,Iran,0.001642,0.008176,0.000477,0.636545,0.002301,0.343029,0.001582,0.006248,D,D_food,0.636545,F,0.343029,False
75a71390-5aea-4c53-957a-a6e71b746fa3,food,Iran,0.002688,5.3e-05,0.001255,0.862858,0.003465,0.003353,0.051008,0.075319,D,D_food,0.862858,H,0.075319,True
09180ea8-c1bf-4724-9f70-7501f4f20cf4,food,Iran,0.00053,0.003229,0.001642,0.945112,0.005434,0.030569,0.004266,0.009219,D,D_food,0.945112,F,0.030569,True
d87f6641-66de-446e-a933-47ad83edc1f0,food,Iran,0.000128,5.5e-05,0.000158,0.998346,0.000303,0.000739,0.00011,0.000161,D,D_food,0.998346,F,0.000739,True
fbe240a9-76de-4a92-8136-ea1716764e8d,traditions,Iran,0.000261,0.328599,0.001552,0.041053,0.038229,0.162737,0.000227,0.427342,H,H_appearance,0.427342,B,0.328599,False
34dd1cb8-5e75-42fb-933a-79c31b9a7dbe,traditions,Iran,0.182467,0.005684,0.012523,0.061867,0.024201,0.50589,0.077819,0.12955,F,F_ritual,0.50589,A,0.182467,True
829128f6-3b16-48aa-9654-69ba391bc9c6,traditions,Iran,0.048862,0.128749,0.001239,0.017559,0.009001,0.68623,0.002866,0.105495,F,F_ritual,0.68623,B,0.128749,True
f4247462-9218-4cf6-9952-434510763b03,traditions,Iran,0.008268,0.000768,0.977093,0.00148,0.002502,0.009017,0.00051,0.000364,C,C_architecture,0.977093,F,0.009017,True
e0ab0bf7-2f4f-4f11-a030-bf9080c1007d,traditions,Iran,0.029652,0.004516,0.790209,0.007353,0.154513,0.009256,0.002055,0.002445,C,C_architecture,0.790209,E,0.154513,True
e7fcffa3-291f-4074-8452-afb7753bd3eb,drink,Iran,0.029452,0.000885,0.016788,0.598508,0.018347,0.010734,0.179322,0.145964,D,D_food,0.598508,G,0.179322,True
6a9e5e3f-fc05-4c27-99e0-8f62cbfbce0a,drink,Iran,0.000152,0.000157,0.001067,0.86756,0.004651,0.003723,0.001204,0.121488,D,D_food,0.86756,H,0.121488,True
0aa13c4d-b47c-4bc7-a4bb-957561dbad02,drink,Iran,0.010755,0.01279,0.139788,0.304348,0.364064,0.105633,0.011186,0.051436,E,E_script,0.364064,D,0.304348,False
34057f2e-1376-4a8d-92f0-6edc0ffa859b,drink,Iran,9.2e-05,3.3e-05,0.000163,0.997413,0.00105,0.000886,0.000155,0.000208,D,D_food,0.997413,E,0.00105,True
fd222649-bb5d-4bca-aedb-57a9bb3f9a4e,drink,Iran,0.125016,0.002611,0.014176,0.017732,0.059227,0.04353,0.12999,0.607719,H,H_appearance,0.607719,G,0.12999,True
2bec6a9c-431a-4dfa-bd02-57b455d95a3a,clothing,Iran,0.000843,0.677977,0.047865,0.022236,0.007773,0.16851,0.00029,0.074508,B,B_clothing,0.677977,F,0.16851,True
2ffd117c-1a33-4b7a-a359-c3bb9ad35cec,clothing,Iran,0.007454,0.000954,0.101392,0.030582,0.785356,0.004713,0.000282,0.069267,E,E_script,0.785356,C,0.101392,True
6be2a046-67c7-4a4c-b67c-31d41a0714a5,clothing,Iran,0.000843,0.677977,0.047865,0.022236,0.007773,0.16851,0.00029,0.074508,B,B_clothing,0.677977,F,0.16851,True
d0e20d67-24e5-4292-9222-4b60fdeb3b4f,clothing,Iran,0.015872,0.045661,0.063601,0.185263,0.304681,0.135397,0.027119,0.222405,E,E_script,0.304681,H,0.222405,False
1a8a184f-8ace-4cf9-a732-af3ceedef990,food,Brazil,0.013627,0.000234,0.000981,0.976171,0.000565,0.004151,0.001375,0.002896,D,D_food,0.976171,A,0.013627,True
92e9ea16-f3a3-42fd-9b4a-304d1e8bb39c,food,Brazil,0.061912,0.001466,0.003081,0.281836,0.043254,0.02411,0.544136,0.040204,G,G_landscape,0.544136,D,0.281836,False
8d88fa68-f254-4577-9922-87ba6696d54f,food,Brazil,0.004368,0.000794,0.005377,0.418484,0.006398,0.019051,0.031927,0.513601,H,H_appearance,0.513601,D,0.418484,False
97b3a522-968d-4db3-9126-1898cb9dca5f,food,Brazil,0.00914,0.000187,0.003283,0.895515,0.000522,0.003744,0.018189,0.069419,D,D_food,0.895515,H,0.069419,True
61cd5c3a-9325-4cdf-9ff2-0e8625c8e8bc,food,Brazil,0.006006,0.000559,0.034997,0.349539,0.277712,0.045096,0.017295,0.268796,D,D_food,0.349539,E,0.277712,False
2faa706e-08ea-4f4e-9f88-6000d10bb322,traditions,Brazil,0.980113,5.1e-05,0.000747,0.003575,0.000713,0.010131,0.002929,0.00174,A,A_national_symbols,0.980113,F,0.010131,True
3429c249-9b78-4612-8b82-8ce2405193ce,traditions,Brazil,0.934715,0.003975,0.006711,0.005852,0.019745,0.008613,0.003334,0.017056,A,A_national_symbols,0.934715,E,0.019745,True
7b73f9f5-70a9-4324-a79d-99302078220b,traditions,Brazil,0.014883,0.000429,0.484355,0.014695,0.024837,0.001103,0.452427,0.007271,C,C_architecture,0.484355,G,0.452427,False
525abdb3-d337-4b12-b2ee-01a6e3e1f780,traditions,Brazil,0.015934,0.361418,0.006588,0.025918,0.009008,0.365475,0.084719,0.130941,F,F_ritual,0.365475,B,0.361418,False
6f8351dc-db39-4a4c-9370-b035dc80d66f,traditions,Brazil,0.068813,0.031353,0.131743,0.451007,0.134276,0.058421,0.097833,0.026554,D,D_food,0.451007,E,0.134276,True
6b0be593-f193-48ee-bdd8-8f8cc3da741a,clothing,Brazil,6.9e-05,0.003472,0.013914,0.027839,0.003003,0.001305,0.000108,0.95029,H,H_appearance,0.95029,D,0.027839,True
f1f5ca23-1476-4be2-a203-079c456d58b7,clothing,Brazil,0.053838,0.695446,0.008188,0.008518,0.009863,0.010634,0.011041,0.202472,B,B_clothing,0.695446,H,0.202472,True
f12dd800-7905-428c-9690-28747601a795,clothing,Brazil,6.9e-05,0.003472,0.013914,0.027839,0.003003,0.001305,0.000108,0.95029,H,H_appearance,0.95029,D,0.027839,True
1b080c55-9d6e-489f-95d6-8f03f713099b,clothing,Brazil,0.058942,0.020715,0.08671,0.178363,0.10841,0.010517,0.026354,0.509988,H,H_appearance,0.509988,D,0.178363,True
ec6992fc-90b0-45fa-8cb0-0979086911d7,clothing,Brazil,0.118694,0.02362,0.081074,0.106918,0.108537,0.035755,0.039616,0.485786,H,H_appearance,0.485786,A,0.118694,True
4c79241e-3dc9-44d8-bed7-421701a25103,rituals,Brazil,0.274297,0.0066,0.040017,0.121666,0.413484,0.01761,0.017712,0.108614,E,E_script,0.413484,A,0.274297,False
e2ee5b98-bfa9-4103-aa2c-e0397e9bd668,rituals,Brazil,0.082889,0.197694,0.001353,0.023464,0.002752,0.621659,0.051937,0.018252,F,F_ritual,0.621659,B,0.197694,True
ec1ebd50-a42c-47c5-a77d-00546adf6224,rituals,Brazil,0.009429,0.005798,0.084725,0.041174,0.040368,0.513965,0.018796,0.285745,F,F_ritual,0.513965,H,0.285745,False
751a2a0e-916c-48e1-a267-c7c59106d6b0,rituals,Brazil,0.023472,0.004894,0.321444,0.153079,0.052849,0.334807,0.047172,0.062281,F,F_ritual,0.334807,C,0.321444,False
aec29b23-29fa-4d4d-b20c-73e160c63943,rituals,Brazil,0.027157,0.542702,0.014713,0.020668,0.073824,0.027412,0.004009,0.289515,B,B_clothing,0.542702,H,0.289515,False
035e6a4b-1414-44d6-8b17-8bac0bb64a42,drink,Brazil,0.000125,6.9e-05,0.000135,0.997902,6.5e-05,0.000938,0.000334,0.000432,D,D_food,0.997902,F,0.000938,True
daef26fc-191a-476a-a883-66c9dad9f963,drink,Brazil,0.38022,0.002097,0.101784,0.110489,0.034767,0.008572,0.043479,0.318591,A,A_national_symbols,0.38022,H,0.318591,False
f8d29900-ef57-4a37-93ee-d6596f54b8b0,drink,Brazil,0.607469,0.010189,0.01739,0.095865,0.181993,0.051092,0.011188,0.024815,A,A_national_symbols,0.607469,E,0.181993,True
449dd4e6-c146-4c46-a36f-506b0669f056,drink,Brazil,0.001082,0.000112,0.006288,0.242591,0.008899,0.026297,0.042506,0.672227,H,H_appearance,0.672227,D,0.242591,True
b6a921ff-8d0c-41e1-8a6a-f9f1068693ee,drink,Brazil,0.007249,0.004718,0.003638,0.213553,0.002677,0.01516,0.195936,0.557069,H,H_appearance,0.557069,D,0.213553,True
7b652a5a-c293-42d8-9245-c3e1556636c1,clothing,Rwanda,0.000116,0.969859,0.000241,0.005234,0.000526,0.002989,0.000823,0.020212,B,B_clothing,0.969859,H,0.020212,True
a13fc28b-003a-4e28-8850-905313634459,clothing,Rwanda,0.000611,0.837258,0.000783,0.005085,9.8e-05,0.150509,0.00012,0.005537,B,B_clothing,0.837258,F,0.150509,True
693a728d-e9d9-4d50-a6c8-c38a7d8dce35,clothing,Rwanda,0.002975,0.080155,0.004178,0.198819,0.006073,0.403855,0.004968,0.298978,F,F_ritual,0.403855,H,0.298978,False
843b1217-b7f6-4c73-9d38-0eac63bf6f28,clothing,Rwanda,0.048027,0.02774,0.03597,0.026043,0.017963,0.268876,0.0012,0.574181,H,H_appearance,0.574181,F,0.268876,True
2a57f463-0a45-4852-9a58-acbf91395812,clothing,Rwanda,0.003325,0.030501,0.002545,0.012488,0.001822,0.004064,0.000745,0.944511,H,H_appearance,0.944511,B,0.030501,True
3fd7af11-b663-486b-a962-16c72d01e706,traditions,Rwanda,0.009278,0.001166,0.504121,0.092763,0.005156,0.009772,0.325598,0.052145,C,C_architecture,0.504121,G,0.325598,False
a952f9e8-5281-4661-950e-ffbf264a69f2,traditions,Rwanda,0.028344,0.203529,0.003898,0.206195,0.022667,0.026976,0.037387,0.471005,H,H_appearance,0.471005,D,0.206195,True
d83a91b8-849b-4f7f-8c8e-168734417cd3,traditions,Rwanda,0.003367,0.003538,0.003987,0.729531,0.014704,0.028176,0.010447,0.20625,D,D_food,0.729531,H,0.20625,True
ae3e7c2c-7bd7-4086-93d8-14c1f86a3184,traditions,Rwanda,3.2e-05,3.6e-05,7.6e-05,0.998748,0.000141,0.000164,1e-05,0.000795,D,D_food,0.998748,H,0.000795,True
03e3c931-426c-454a-a977-1805f7c65f15,traditions,Rwanda,0.023592,0.672872,0.007591,0.084941,0.012793,0.015171,0.001316,0.181725,B,B_clothing,0.672872,H,0.181725,True
2ee2ff8e-8560-4eb9-b869-6ba468258201,food,Rwanda,0.000763,0.000571,0.004478,0.571702,0.001472,0.011161,0.030936,0.378917,D,D_food,0.571702,H,0.378917,False
b0cbe990-43cc-45a9-9f98-ab8a0a38fe64,food,Rwanda,0.003277,0.011477,0.002519,0.698691,0.01768,0.012745,0.016755,0.236857,D,D_food,0.698691,H,0.236857,True
ab6ac2e8-bdfc-452f-8119-914e40e8b151,food,Rwanda,0.004978,0.123907,0.064295,0.451392,0.003982,0.133887,0.137251,0.080308,D,D_food,0.451392,G,0.137251,True
16ff40c1-2e0d-4207-992b-7ff20edf427a,food,Rwanda,0.081703,0.398857,0.007937,0.207098,0.033302,0.073303,0.063403,0.134397,B,B_clothing,0.398857,D,0.207098,False
eed6d393-d438-4d10-8782-d5443e9342be,food,Rwanda,0.011168,0.00641,0.012749,0.785517,0.003624,0.022754,0.092722,0.065056,D,D_food,0.785517,G,0.092722,True
e46d024b-8bdb-46d2-ad2b-d5dd20831693,drink,Rwanda,0.004666,0.000947,0.003761,0.054118,0.000396,0.002247,0.930796,0.003071,G,G_landscape,0.930796,D,0.054118,True
b6b1e4ca-d9e8-4d54-a292-82c2bf818d3b,drink,Rwanda,0.005447,0.038008,0.007846,0.643508,0.007927,0.115993,0.065041,0.11623,D,D_food,0.643508,H,0.11623,True
7fa37c8c-5b74-4898-ba37-a0c2933cdb03,drink,Rwanda,0.008823,0.001523,0.05002,0.559895,0.014604,0.009056,0.007739,0.34834,D,D_food,0.559895,H,0.34834,False
a8e28ea4-0eac-497a-b894-1e682ef66e8e,drink,Rwanda,0.035962,0.001014,0.005102,0.038539,0.02252,0.005495,0.830853,0.060514,G,G_landscape,0.830853,H,0.060514,True
39456870-dff9-4521-85a7-8ce1e1156572,drink,Rwanda,0.027724,0.002756,0.090411,0.204426,0.182044,0.011636,0.022907,0.458098,H,H_appearance,0.458098,D,0.204426,True
d501d03b-8677-427a-bd3c-80ef26349cf6,rituals,Rwanda,0.000669,0.504315,0.000722,0.007202,7e-05,0.444371,0.000436,0.042216,B,B_clothing,0.504315,F,0.444371,False
f7c40fe4-ac32-46c5-922c-89e85b650906,rituals,Rwanda,0.0041,0.40151,0.01485,0.32828,0.003088,0.03503,0.014324,0.198818,B,B_clothing,0.40151,D,0.32828,False
1192021a-598b-48bb-be52-9f576e627384,rituals,Rwanda,0.000471,0.001663,0.002769,0.004133,0.000207,0.001257,0.000873,0.988627,H,H_appearance,0.988627,D,0.004133,True
86ea271d-4352-4963-80a2-96b496b9ab50,rituals,Rwanda,0.013438,0.082487,0.035287,0.030496,0.004104,0.191268,0.013799,0.62912,H,H_appearance,0.62912,F,0.191268,True
9ade2c60-6dfc-4eaf-bfc4-f317af15ac60,rituals,Rwanda,0.923067,0.013863,0.007126,0.040417,0.001347,0.005704,0.000913,0.007564,A,A_national_symbols,0.923067,D,0.040417,True
ff0bce0b-7179-486e-9d05-9efa37b21512,traditions,Germany,0.007351,0.002085,0.568777,0.156725,0.016404,0.123035,0.11152,0.014103,C,C_architecture,0.568777,D,0.156725,True
e6e586b2-3904-40e5-8fcd-0e8201909ad0,traditions,Germany,0.165879,0.006638,0.04086,0.034424,0.023101,0.450583,0.012482,0.266032,F,F_ritual,0.450583,H,0.266032,False
dd47b69e-013f-4997-9504-4d2e8a37342d,traditions,Germany,0.000398,0.002018,0.245637,0.412503,0.027688,0.252673,0.010584,0.048499,D,D_food,0.412503,F,0.252673,False
b3d8b8f5-af2a-416e-b0ff-deaa2a94d8e5,traditions,Germany,0.025709,0.014888,0.089423,0.350244,0.051033,0.244097,0.051066,0.173539,D,D_food,0.350244,F,0.244097,False
82215031-0639-473d-8f9c-7c9de723779d,traditions,Germany,0.14034,0.000833,0.776505,0.008274,0.00227,0.017621,0.052388,0.001771,C,C_architecture,0.776505,A,0.14034,True
39733d4c-5b90-473a-b873-d62f74e809fa,food,Germany,0.031791,0.003602,0.014091,0.462074,0.05791,0.40944,0.009379,0.011712,D,D_food,0.462074,F,0.40944,False
bcc78c9f-680f-41a8-959a-b71924fe3835,food,Germany,0.002035,9.1e-05,0.000942,0.988838,0.000157,0.004287,0.001144,0.002505,D,D_food,0.988838,F,0.004287,True
e3ca3318-1490-4d72-bed8-d9c1813ed430,food,Germany,0.004605,8.1e-05,0.005743,0.878921,0.083037,0.010174,0.000672,0.016768,D,D_food,0.878921,E,0.083037,True
e59b1cbd-2cfd-428a-b1f4-fba8cbfb08ec,food,Germany,0.000804,0.00024,0.001853,0.989873,9.2e-05,0.000414,0.000212,0.006512,D,D_food,0.989873,H,0.006512,True
cc3e4687-4fba-4fe1-aeb3-489db832865c,food,Germany,0.001546,0.000147,0.000694,0.982456,0.0005,0.004834,0.001187,0.008638,D,D_food,0.982456,H,0.008638,True
31e9a0fd-c1ab-4668-a100-e869e7c36d2e,rituals,Germany,0.0018,7.7e-05,0.987221,0.003668,0.000151,0.004224,0.000545,0.002314,C,C_architecture,0.987221,F,0.004224,True
535d82e7-8b5f-4ed4-b186-e458ced4fd32,rituals,Germany,0.017382,0.001908,0.078504,0.248156,0.080571,0.280221,0.068093,0.225165,F,F_ritual,0.280221,D,0.248156,False
606aeda1-a002-4666-9cc2-c54b4af0a436,rituals,Germany,0.039243,0.003341,0.010306,0.107046,0.009621,0.811495,0.008717,0.010231,F,F_ritual,0.811495,D,0.107046,True
b44fddf6-9e94-4b2d-92d6-b64b7047f781,rituals,Germany,0.001616,0.005194,0.301536,0.127218,0.005383,0.156993,0.349209,0.052852,G,G_landscape,0.349209,C,0.301536,False
02bd886c-af46-4b28-a3b3-939f0185db11,rituals,Germany,0.001212,0.000785,0.000118,0.000506,0.000209,0.996401,0.000178,0.000591,F,F_ritual,0.996401,A,0.001212,True
7e4d2b1e-fa75-443c-92e9-b792125002c6,drink,Germany,0.107805,0.002256,0.051938,0.377948,0.313727,0.015195,0.033379,0.097751,D,D_food,0.377948,E,0.313727,False
8c973562-db40-4319-9dd5-51d83c7f910e,drink,Germany,0.000229,0.000805,0.001124,0.841669,0.010921,0.119647,0.001697,0.023908,D,D_food,0.841669,F,0.119647,True
3f0011f7-0cf3-4ed5-a905-78d71079c3da,drink,Germany,0.041131,0.001827,0.131432,0.543438,0.052703,0.07416,0.049601,0.105707,D,D_food,0.543438,C,0.131432,True
99a8796e-1be0-40dc-9e07-56df08f021e0,drink,Germany,0.011546,0.001339,0.018939,0.674444,0.037243,0.042492,0.006409,0.207588,D,D_food,0.674444,H,0.207588,True
098b83b9-da89-40a9-a452-bc72698c3740,drink,Germany,0.01023,0.012275,0.004468,0.482395,0.052079,0.040832,0.003392,0.39433,D,D_food,0.482395,H,0.39433,False
ffcd1ddf-ff5a-4f44-90d8-f019b0e5efd1,clothing,Germany,0.004803,0.135094,0.006071,0.035657,0.007353,0.007809,0.009495,0.793718,H,H_appearance,0.793718,B,0.135094,True
