u_id,model,rho_mean_vs_black,pval_mean_vs_black,rho_mean_vs_noise,pval_mean_vs_noise,rho_black_vs_noise,pval_black_vs_noise,mean_rho
1309b373-b885-4aa0-b6f8-7aab4b734ac2,clip,0.6843,0.0,0.2422,0.0936,0.1302,0.3725,0.3522
49f5b3aa-dc13-4ebe-bf8d-6771b9298c37,clip,0.2772,0.0538,0.4862,0.0004,0.1898,0.1915,0.3178
502a5fee-89c1-4f5d-b41d-9bdd65b11eb1,clip,0.6053,0.0,0.5696,0.0,0.7581,0.0,0.6443
08f8c99f-b47b-46f6-8e29-6bcaa11d8ab1,clip,0.5984,0.0,0.2218,0.1255,0.4665,0.0007,0.4289
1bad08e1-1e74-421f-996f-5c435cb367e3,clip,0.776,0.0,0.7535,0.0,0.7036,0.0,0.7444
de8ac0fa-d6dc-41bb-b117-f5e84f22e9e5,clip,0.5938,0.0,0.561,0.0,0.7219,0.0,0.6256
07dabc78-3e60-46e1-b6e4-14c03b083f61,clip,0.3959,0.0049,0.3157,0.0271,0.4803,0.0005,0.3973
e8417033-3d23-4eb3-b225-e8d68ff8cde3,clip,0.7659,0.0,0.3489,0.014,0.4761,0.0005,0.5303
7469bf5a-e55b-4077-8c23-4f80be8daa32,clip,0.6122,0.0,0.5189,0.0001,0.8169,0.0,0.6493
803df59c-07e6-4459-a5cb-8c2e27237461,clip,0.3279,0.0215,0.701,0.0,0.3466,0.0147,0.4585
b2886064-331e-4c71-a625-d9d2c5cd9421,clip,0.225,0.1201,-0.121,0.4075,0.1354,0.3536,0.0798
f009866e-207b-4ed4-b0d2-150b69a5d0b0,clip,0.4812,0.0005,0.6598,0.0,0.2058,0.156,0.4489
09c667a0-2ed1-425e-8f15-f0d7b510b5ab,clip,0.4872,0.0004,0.3101,0.0301,0.1691,0.2455,0.3221
5db4404d-6fd6-4ebd-ad5f-15c8be7344d5,clip,0.0862,0.5558,0.3305,0.0204,0.1445,0.3219,0.1871
481fa382-ad75-4f6e-bdaa-cdadfbc9f4e5,clip,0.6671,0.0,0.7039,0.0,0.5537,0.0,0.6416
a8f5c325-4cc4-4371-bd45-5d19156de028,clip,-0.0088,0.9523,-0.0512,0.7267,0.4698,0.0007,0.1366
96037b83-81d6-4de0-ac58-e2ea3f1d0f68,clip,0.8306,0.0,0.7907,0.0,0.7197,0.0,0.7803
22bb7d28-bb29-4a85-af25-85f66ce70d52,clip,0.8649,0.0,0.6295,0.0,0.5949,0.0,0.6964
4c169dc1-0511-4867-803b-2c5724589072,clip,0.8032,0.0,-0.0187,0.8987,-0.0479,0.744,0.2455
d6bdefc4-d83f-4df5-a2c0-74ce4bb3dbea,clip,0.574,0.0,0.5447,0.0001,0.3058,0.0326,0.4748
aa454b8a-ea44-47d8-bfc5-8e0691affc18,clip,0.7112,0.0,0.2189,0.1307,-0.0396,0.7868,0.2968
c4ba628f-6ccc-4659-88e0-989cf36c6b66,clip,0.8126,0.0,0.7384,0.0,0.677,0.0,0.7427
c6e2a507-d64e-4f66-a017-8c4bec7a25aa,clip,0.7931,0.0,-0.2033,0.1613,-0.0594,0.6852,0.1768
48cb84ac-f6c8-41d5-a8bd-433790fd4228,clip,0.8402,0.0,0.7243,0.0,0.7066,0.0,0.757
af32828e-77c5-4c31-ad76-c68b4c3d2cfb,clip,0.633,0.0,0.2743,0.0565,0.265,0.0658,0.3908
96b37654-4373-4743-981d-ef25317c602a,clip,0.8554,0.0,0.6718,0.0,0.8168,0.0,0.7813
a2ebb579-6a95-4ef6-90d3-7472f9739d27,clip,0.7021,0.0,0.3503,0.0136,0.2901,0.0432,0.4475
734acb99-0962-4131-b4f7-725c20411db8,clip,0.7114,0.0,0.6903,0.0,0.5683,0.0,0.6567
a914a20e-7219-43e5-929a-a60eeb2b0eba,clip,0.5091,0.0002,0.0186,0.8992,0.4526,0.0011,0.3267
8869939b-17da-472e-8637-58d80e9291e7,clip,0.6802,0.0,0.6317,0.0,0.6329,0.0,0.6483
184d6c08-7237-4f6b-b49d-04b5b2bef635,clip,0.7979,0.0,0.885,0.0,0.7515,0.0,0.8114
8a4aa22a-5c51-425d-ad3d-69de43f88b0c,clip,0.8686,0.0,0.902,0.0,0.7722,0.0,0.8476
6c905b2d-0ff6-4c21-b0ef-50861a2cc2b5,clip,0.7569,0.0,0.7461,0.0,0.5838,0.0,0.6956
0c62e0fb-0aea-49a7-b333-b15a64c8359f,clip,0.7062,0.0,-0.1133,0.4384,-0.2999,0.0363,0.0977
7174dc33-dbe6-4c70-a3ef-ae0be8ab6b29,clip,0.6333,0.0,0.407,0.0037,0.7066,0.0,0.5823
fdd8ea6d-e848-4b9c-af83-8e1ad010ef1e,clip,0.2111,0.1453,0.2234,0.1229,-0.0647,0.6588,0.1233
b5ddf9ce-952d-4fe5-a878-b1ffe90ff1ef,clip,0.7972,0.0,0.4639,0.0008,0.4898,0.0004,0.5836
4f04c1f6-a284-4219-9412-beacc222f51d,clip,0.8305,0.0,0.5915,0.0,0.6234,0.0,0.6818
fa9d08f1-413b-4a05-b058-380843d46806,clip,0.6307,0.0,0.6542,0.0,0.6284,0.0,0.6378
746e8569-1091-499b-8de8-08bce681dd84,clip,0.287,0.0455,0.3113,0.0294,0.1499,0.3039,0.2494
19ae4ab7-a1b1-47c9-a81d-24a4020df41a,clip,0.5738,0.0,0.3847,0.0063,0.3997,0.0044,0.4527
318807ce-d521-41f7-b9b2-e533deb7a178,clip,0.8035,0.0,0.5159,0.0001,0.6357,0.0,0.6517
acd68d0e-9d10-40ef-9fd1-cbdc720808ef,clip,0.5143,0.0002,0.3707,0.0087,0.1601,0.2718,0.3484
591a4da1-0a04-4dc6-ba4e-a3526dbce1c6,clip,0.7488,0.0,0.6851,0.0,0.7844,0.0,0.7394
bfa7333e-1ab0-4ebc-b11c-d7c0cc5a9e8c,clip,0.594,0.0,0.3862,0.0061,0.4629,0.0008,0.481
87161e09-edf6-46a7-acf4-1d2ba9f61348,clip,0.6826,0.0,0.0497,0.7345,-0.056,0.7022,0.2254
31824d6c-cdda-43df-9792-17cb3f44217d,clip,0.7659,0.0,0.2813,0.0503,0.2604,0.0708,0.4358
7409a04b-e4e0-48a6-83aa-9ea94eeb78da,clip,0.8623,0.0,0.0209,0.8864,0.1379,0.3445,0.3404
a2ccb005-d747-43f8-8315-2518a1ece07d,clip,0.6041,0.0,0.3927,0.0053,0.2944,0.04,0.4304
bb027c12-2666-421b-a523-4bd7c4c30f20,clip,0.8513,0.0,0.7188,0.0,0.7855,0.0,0.7852
4713f5b0-48da-4ab5-99bc-ffe12d7d62fa,clip,0.4489,0.0012,0.4321,0.0019,0.4626,0.0008,0.4479
98b439d0-91bc-40ba-8d77-ec2889c96666,clip,0.5064,0.0002,-0.094,0.5207,0.1456,0.3181,0.186
4457fdf9-a623-41bd-8a0d-fd42128f38b3,clip,0.4399,0.0016,0.2684,0.0622,0.8043,0.0,0.5042
2c1bd295-9cde-47af-af0e-202c03272d01,clip,0.6124,0.0,0.5408,0.0001,0.484,0.0004,0.5457
da343301-2fc3-42b9-9d8e-7f90b000f00f,clip,0.6315,0.0,0.5868,0.0,0.2987,0.0371,0.5057
c717f3a6-7b14-4f61-b395-89d63b0c6e73,clip,0.6428,0.0,0.4228,0.0025,0.3598,0.0111,0.4751
4b6b43e4-d3c9-4faf-8ed9-ed1e51754baf,clip,0.7057,0.0,0.7957,0.0,0.7055,0.0,0.7356
6e72fc43-14d2-40a5-863c-62d14dc5facb,clip,0.6986,0.0,0.3914,0.0054,0.586,0.0,0.5587
60c2f1e2-820c-4c10-a873-af1a75d9e4db,clip,0.3244,0.023,0.7444,0.0,0.0485,0.7409,0.3724
0ce7d616-31bd-4eac-99ec-195e0172b4fc,clip,0.9246,0.0,0.355,0.0123,0.2916,0.042,0.5237
3a181f33-846c-43f8-8512-5919ce7088bf,clip,0.8653,0.0,0.6181,0.0,0.7266,0.0,0.7367
67fa11a3-fa1f-4817-a189-87f38daf3011,clip,0.3882,0.0059,0.3012,0.0354,-0.0828,0.5719,0.2022
6518121e-ba08-4e76-aa33-2c2e00598fdd,clip,0.6833,0.0,0.3815,0.0068,0.4538,0.0011,0.5062
dc012abe-5e86-41c4-b740-a9e91a0fe240,clip,0.6209,0.0,-0.0267,0.8555,0.3828,0.0066,0.3257
3b78bd2d-5f55-4480-8637-ccc22c549402,clip,0.7196,0.0,-0.1587,0.276,-0.0395,0.7874,0.1738
9ace2f1e-6a06-45ba-bed9-46ac3b80b038,clip,0.6913,0.0,0.638,0.0,0.5208,0.0001,0.6167
ecd4f0c8-0bb6-4a35-ac36-66588d7d4185,clip,0.9538,0.0,0.8683,0.0,0.9192,0.0,0.9138
69a710fd-f216-43b8-9ec6-8fd324c49690,clip,0.8534,0.0,0.0855,0.5591,-0.0635,0.6648,0.2918
30beeebf-ea67-484f-93a7-2cfd29242fe4,clip,0.6696,0.0,-0.1189,0.4157,-0.3949,0.005,0.0519
6edf17b0-f94a-42d4-b233-4234439deda4,clip,0.6272,0.0,-0.306,0.0325,-0.2103,0.1469,0.0369
c6582a96-d4df-4b5a-8a86-3652687aa1e8,clip,0.8263,0.0,0.8632,0.0,0.8606,0.0,0.85
13f37320-7bb5-4232-9bf2-8f28c57c4582,clip,0.7807,0.0,0.4408,0.0015,0.6617,0.0,0.6278
9e63b44b-6f24-4288-9b27-8626e11bf0a3,clip,0.8022,0.0,0.7471,0.0,0.8039,0.0,0.7844
a2dcde1c-1b2c-4936-ac07-8e912413e23e,clip,0.6493,0.0,0.4319,0.0019,0.3386,0.0173,0.4733
6f5bf0aa-f72d-4e5d-8ac8-bcc1761d0f8a,clip,0.7246,0.0,0.4051,0.0039,0.6056,0.0,0.5784
41388d0a-c0cd-4947-a415-db9ba4893bcd,clip,0.9571,0.0,0.9317,0.0,0.9552,0.0,0.948
4455c508-07a5-483c-a247-92904d635fee,clip,0.9477,0.0,0.922,0.0,0.9478,0.0,0.9391
9e592190-7413-4778-8631-3908e7577661,clip,0.6102,0.0,0.5204,0.0001,0.6106,0.0,0.5804
a6b53f36-7864-4876-a058-7e0be321388b,clip,0.1892,0.1928,0.6432,0.0,0.3193,0.0253,0.3839
5473783d-ba57-45b2-8414-33eb26c36ccf,clip,0.7761,0.0,0.4714,0.0006,0.4989,0.0003,0.5821
89df03ce-b19f-474d-8f36-e9b41be7d3d5,clip,0.8438,0.0,0.6977,0.0,0.766,0.0,0.7692
7d6f190c-4df7-4306-a1e9-b87ed1e3087c,clip,0.9107,0.0,0.8192,0.0,0.9213,0.0,0.8837
ff57c370-a704-49a2-8662-f040dca197df,clip,0.9344,0.0,0.8591,0.0,0.9158,0.0,0.9031
87a16f79-2e21-4b11-93b2-4871169911e7,clip,0.7544,0.0,0.3108,0.0297,0.439,0.0016,0.5014
1880497c-e945-4689-839e-03022a70d7a7,clip,0.7,0.0,0.2922,0.0416,0.4432,0.0014,0.4785
4436f0b0-f4fe-4383-911d-4640c75d9018,clip,0.5235,0.0001,0.5937,0.0,0.739,0.0,0.6187
46718728-a72a-4651-a2dc-d9d39b32ab74,clip,0.7065,0.0,0.6602,0.0,0.7459,0.0,0.7042
87cc957e-bd81-4ea9-8d40-d6d9bce4ec76,clip,0.5564,0.0,0.4922,0.0003,0.325,0.0227,0.4579
2b697bc6-809b-4d92-aa10-10c31472acaa,clip,0.6853,0.0,0.5665,0.0,0.6705,0.0,0.6408
f3dee24e-9af4-4a3e-b21c-ad8bf74510dc,clip,0.546,0.0,0.3669,0.0095,0.4873,0.0004,0.4667
b6aaf31f-d668-4f6e-9d34-c7ecbfa7c8a8,clip,0.8054,0.0,0.196,0.1771,0.1591,0.2749,0.3868
9f2b9f74-faa4-4b54-a4f1-aa65e32cb9f9,clip,0.6458,0.0,0.2491,0.0844,0.4801,0.0005,0.4583
7cd63749-44d8-4024-ac6c-727bde0ae91a,clip,0.2485,0.0852,0.0229,0.8761,0.4296,0.0021,0.2336
dca004c5-3d95-44e6-95ef-8116165e04a3,clip,0.3873,0.006,0.4802,0.0005,0.7344,0.0,0.534
d527b146-00a1-41fb-8671-6114ee9cabb9,clip,0.8027,0.0,0.7993,0.0,0.8178,0.0,0.8066
2fd3e1c4-4980-4f7d-8876-69cd79654a75,clip,0.6458,0.0,0.2491,0.0844,0.4801,0.0005,0.4583
41e6fcd3-a802-4639-a9f3-3943c6b1242a,clip,0.7396,0.0,0.3822,0.0067,0.4202,0.0026,0.514
6a8d47c3-55db-4f2d-b7e0-6c25b6a268c8,clip,0.8205,0.0,0.4341,0.0018,0.4242,0.0024,0.5596
b577985c-6eca-41d4-805c-13fdb8822df8,clip,0.7878,0.0,0.6867,0.0,0.3717,0.0085,0.6154
fdc20e45-b3db-48bd-946b-8969194f3fde,clip,0.0574,0.6952,0.2319,0.1089,0.4083,0.0036,0.2325
9844e1be-1620-44ee-ac68-57ae9d58ab4f,clip,0.8162,0.0,0.6358,0.0,0.6938,0.0,0.7153
eced265e-c274-45b9-9e1d-16ab6fbad9cd,clip,0.4078,0.0036,0.2895,0.0436,0.4958,0.0003,0.3977
a9aa210b-bfa3-4ff6-8c82-3c3e7b4544b5,clip,0.6535,0.0,0.7041,0.0,0.4462,0.0013,0.6013
0c06402c-32eb-4fb0-bd5c-3d8ce5f6e9e2,clip,-0.331,0.0202,0.7192,0.0,-0.0051,0.9722,0.1277
ac9a3d5c-63dd-4fbd-9676-9f913f4029f3,clip,0.499,0.0003,0.6562,0.0,0.6212,0.0,0.5921
520f8c8b-3426-4a8e-affd-07b0c26f954b,clip,0.8389,0.0,-0.0858,0.5577,-0.2604,0.0708,0.1642
d4d631c2-4c15-4f43-b3bb-bd1fe3157b64,clip,0.364,0.0101,0.3546,0.0124,0.5645,0.0,0.4277
0f7abdc3-c885-4d91-bb7d-67f1c607a7d0,clip,0.8812,0.0,0.7825,0.0,0.6829,0.0,0.7822
be330458-bfe8-4b6d-ab4f-0e121faca59d,clip,0.7739,0.0,0.7536,0.0,0.8151,0.0,0.7809
ae89905e-966f-43f0-8c0f-cc4ce1b87ac1,clip,0.715,0.0,0.5951,0.0,0.6893,0.0,0.6665
3156bba1-7c6d-417e-8841-d6319dc7e3af,clip,0.5282,0.0001,-0.021,0.886,0.4143,0.0031,0.3071
dad09341-9891-4f9e-b292-1f834f9fedc4,clip,0.7508,0.0,0.298,0.0376,0.5313,0.0001,0.5267
9e192054-6b30-44b3-841f-785853bfe7e4,clip,0.6101,0.0,0.2273,0.1162,0.4964,0.0003,0.4446
4048bef4-586f-466a-8f53-3a1332979fcd,clip,0.5496,0.0,0.6054,0.0,0.4093,0.0035,0.5215
c62249de-cc8b-43b7-aa90-842dbd8d89e2,clip,0.6271,0.0,0.1523,0.296,0.2207,0.1275,0.3334
6ec6b59a-9126-4462-89ee-df55d996f4ab,clip,0.7571,0.0,0.5992,0.0,0.6334,0.0,0.6632
5c7b7038-b58d-4a21-b867-b7a72612ff55,clip,0.7924,0.0,0.7851,0.0,0.7261,0.0,0.7679
39e397ed-fa8c-40ee-974d-b2f01e397e64,clip,0.7867,0.0,-0.1322,0.365,-0.0619,0.6725,0.1975
a82f3319-8037-44df-bcab-0d39d14590e6,clip,0.7835,0.0,0.6413,0.0,0.5951,0.0,0.6733
3bbeaac4-39d5-449f-b8e0-69a66bbb9400,clip,0.8612,0.0,-0.1137,0.4367,-0.2578,0.0738,0.1633
4e2b3e11-9de8-4bfb-99c2-0bac3f7c7618,clip,0.4145,0.0031,-0.1495,0.3051,0.0846,0.5635,0.1165
e43999fc-df28-41f1-982f-64a51d79acb7,clip,0.7713,0.0,0.6227,0.0,0.4425,0.0015,0.6122
c3a1ddb5-f12f-4806-bda6-4189d38228d7,clip,0.7332,0.0,0.7954,0.0,0.5264,0.0001,0.685
a950d18e-1dbc-46c8-955e-4bbf4f41aadb,clip,0.5542,0.0,0.6894,0.0,0.3298,0.0207,0.5245
2b049977-6bfc-4a19-b59a-c9e2beffab94,clip,0.9054,0.0,0.8922,0.0,0.9109,0.0,0.9028
2329409d-2712-4aa5-96d1-2cd16298f150,clip,0.6309,0.0,0.5736,0.0,0.5061,0.0002,0.5702
a7465e78-a57b-4a6c-bbcf-9214feeafb74,clip,0.8755,0.0,0.7517,0.0,0.7778,0.0,0.8017
fc76de15-b866-4251-af12-bd76901f7c3d,clip,0.7029,0.0,0.2876,0.0451,0.4777,0.0005,0.4894
cedc6039-0f3d-4995-bf1f-eb1cd6590cbf,clip,0.8755,0.0,0.7517,0.0,0.7778,0.0,0.8017
1a2b2bda-ede8-4e7c-99a6-7072401066e6,clip,0.3682,0.0092,0.3526,0.013,0.1256,0.3898,0.2821
fa819613-c07e-4e81-ae2a-6a5fee7b350b,clip,0.4659,0.0007,0.6555,0.0,0.3595,0.0112,0.4936
4efc5850-d150-471b-8188-4f35d3b63b48,clip,0.4162,0.0029,0.5448,0.0001,0.0145,0.921,0.3252
a5ffd0e5-343e-484b-92dc-aa8f00b18e98,clip,0.6795,0.0,0.5565,0.0,0.5693,0.0,0.6018
c67a3887-7cf3-4455-8122-e60eedd643a7,clip,0.4517,0.0011,0.4667,0.0007,0.3428,0.0159,0.4204
0c5aee4c-d9fe-462e-8df1-ef7320c618cb,clip,0.6128,0.0,0.6289,0.0,0.5331,0.0001,0.5916
2272ab97-94b6-4151-9ec6-763f05b0c22c,clip,0.8633,0.0,0.7744,0.0,0.7727,0.0,0.8034
2b514973-2195-4908-8bda-3f958deb8bdb,clip,0.6289,0.0,0.6899,0.0,0.5331,0.0001,0.6173
f7a3dcee-b9cb-4f4b-94b6-617336a4d320,clip,0.6092,0.0,0.6528,0.0,0.8495,0.0,0.7038
fd72fc17-d0df-47fd-9d0c-4e6803e873c0,clip,0.7499,0.0,0.733,0.0,0.5867,0.0,0.6899
e3ddb612-2a9b-4cda-a547-572583a1e202,clip,0.7903,0.0,0.6908,0.0,0.8398,0.0,0.7736
c6f9ae05-ef81-4957-b6f0-7a177580e2d5,clip,0.6386,0.0,0.2132,0.1414,0.2286,0.1142,0.3601
443e4b25-3d4a-40e3-a270-e48c9d37f105,clip,0.7735,0.0,0.8354,0.0,0.8058,0.0,0.8049
e2af3f45-8230-49e5-9fb2-19c8b42b9816,clip,0.7353,0.0,0.5267,0.0001,0.7327,0.0,0.6649
9463f29a-4672-4021-923f-3827ddcfae45,clip,0.821,0.0,0.746,0.0,0.8503,0.0,0.8058
c5fa60a8-7191-498a-8cc9-db07ec48dd86,clip,0.618,0.0,0.1539,0.2911,0.1349,0.3554,0.3022
a48d89f9-3486-46e8-a68c-c47ad537226f,clip,0.7677,0.0,0.6611,0.0,0.6248,0.0,0.6845
468a0a50-3eba-40b2-92b0-5b172fb30c01,clip,0.7445,0.0,0.5185,0.0001,0.4232,0.0025,0.562
f555701d-40c7-4400-9bdc-eda62ace2912,clip,0.6632,0.0,0.6052,0.0,0.2942,0.0402,0.5209
6653f8dd-3fff-48a3-8e29-065917a610b0,clip,0.3843,0.0064,0.4293,0.0021,0.8126,0.0,0.5421
8eafe537-95b2-4e1f-8416-8196d5fd59cb,clip,0.5733,0.0,0.6232,0.0,0.6187,0.0,0.605
7cde7484-09d6-4675-859f-c98293b98f27,clip,0.5217,0.0001,0.6468,0.0,0.6056,0.0,0.5914
b42f7e81-16d7-4b6b-a305-d8e79c5ddf58,clip,0.8966,0.0,0.7048,0.0,0.7289,0.0,0.7768
46f8812b-adca-4161-ae1f-9f6c5600599c,clip,0.4386,0.0016,0.4363,0.0017,0.6172,0.0,0.4974
d97dd49b-2351-46fb-814b-b5f0a72d251e,clip,0.6724,0.0,0.1738,0.2324,0.367,0.0095,0.4044
c8b19f46-371b-46f5-89ca-93b99b2fd6a0,clip,0.8692,0.0,0.4163,0.0029,0.498,0.0003,0.5945
f71472c0-2cb4-475d-9b08-5787585f550e,clip,0.0173,0.9058,0.1828,0.2088,-0.3103,0.03,-0.0367
bff5977b-7901-4d1e-96a1-5c0d19848a0f,clip,0.7678,0.0,0.8156,0.0,0.8071,0.0,0.7968
5880280d-93fc-446b-8079-58300559adda,clip,0.6261,0.0,0.7196,0.0,0.7057,0.0,0.6838
9cddc74e-a74b-4b29-9493-f6bac0aa27ea,clip,0.7235,0.0,0.5565,0.0,0.6039,0.0,0.628
0b04f451-42cf-462b-b983-307e13183f45,clip,0.901,0.0,0.8896,0.0,0.9042,0.0,0.8983
01a1d08a-e2a5-4a81-afb5-9831cddd3e88,clip,0.5407,0.0001,0.4911,0.0003,0.1574,0.2799,0.3964
3d4755c8-3116-45b7-a80f-10c886ec742d,clip,0.5955,0.0,0.2611,0.0699,0.457,0.001,0.4379
1b7870bb-8b83-46e9-bced-5f1f7c45ec19,clip,0.42,0.0027,0.2456,0.0889,0.4018,0.0042,0.3558
9c96c4f7-b755-4960-948b-8c0ea7761880,clip,0.6588,0.0,0.7913,0.0,0.4636,0.0008,0.6379
dc3a53b7-bcd5-4354-93b6-f954b82269e1,clip,0.8086,0.0,0.5189,0.0001,0.419,0.0027,0.5822
3d773278-fed5-46fd-976e-a018441b9190,clip,0.6937,0.0,0.4684,0.0007,0.4024,0.0041,0.5215
0ed35e82-2fa8-46d6-b4e0-629c66728ae8,clip,0.6595,0.0,0.1093,0.4548,0.4168,0.0029,0.3952
22cd2fea-0e59-4662-8146-874abbac1fcf,clip,0.8737,0.0,0.8556,0.0,0.7702,0.0,0.8332
d54dbb9a-94a1-470b-a1d1-12f9f313bb77,clip,0.4728,0.0006,0.106,0.4684,0.6794,0.0,0.4194
535f44c0-e569-40b7-9b05-2ab1ef0f8368,clip,0.7001,0.0,0.2164,0.1353,0.2961,0.0388,0.4042
f8c67c30-7009-4b45-9991-34eae86da207,clip,0.9285,0.0,0.7643,0.0,0.7918,0.0,0.8282
19289618-394a-4b0b-ad8f-ffe2157564aa,clip,0.6451,0.0,0.4259,0.0023,0.6871,0.0,0.586
98eed9b0-5603-4c58-b498-34df83a4d44e,clip,0.9553,0.0,0.9286,0.0,0.9704,0.0,0.9515
139ebae1-b6e8-4a4c-9368-f0bb40c93b7e,clip,0.8221,0.0,0.8577,0.0,0.8176,0.0,0.8324
d4763361-b78a-4ad4-a747-43d7d7d74151,clip,0.6787,0.0,0.3683,0.0092,0.5581,0.0,0.535
0b9aadd7-4769-4584-8fd7-428dfa00fdaf,clip,0.8064,0.0,0.7307,0.0,0.8636,0.0,0.8002
00a46fda-95f7-455b-8bba-e320575b6ea3,clip,0.8041,0.0,0.4308,0.002,0.1612,0.2684,0.4654
79f909c7-d80a-4cab-a96a-0f26f374331c,clip,0.4746,0.0006,-0.0019,0.9895,-0.1391,0.3405,0.1112
75a71390-5aea-4c53-957a-a6e71b746fa3,clip,0.4767,0.0005,0.3417,0.0163,0.0718,0.6239,0.2967
09180ea8-c1bf-4724-9f70-7501f4f20cf4,clip,0.5409,0.0001,0.7689,0.0,0.3692,0.009,0.5597
d87f6641-66de-446e-a933-47ad83edc1f0,clip,0.7379,0.0,0.6592,0.0,0.6457,0.0,0.6809
fbe240a9-76de-4a92-8136-ea1716764e8d,clip,0.815,0.0,0.3782,0.0074,0.245,0.0897,0.4794
34dd1cb8-5e75-42fb-933a-79c31b9a7dbe,clip,0.7324,0.0,0.1228,0.4006,-0.0355,0.8088,0.2732
829128f6-3b16-48aa-9654-69ba391bc9c6,clip,0.9117,0.0,0.5787,0.0,0.6444,0.0,0.7116
f4247462-9218-4cf6-9952-434510763b03,clip,0.7827,0.0,0.7564,0.0,0.7023,0.0,0.7471
e0ab0bf7-2f4f-4f11-a030-bf9080c1007d,clip,0.7292,0.0,0.4999,0.0003,0.6979,0.0,0.6423
e7fcffa3-291f-4074-8452-afb7753bd3eb,clip,0.7969,0.0,0.2499,0.0833,0.2478,0.086,0.4316
6a9e5e3f-fc05-4c27-99e0-8f62cbfbce0a,clip,-0.007,0.9617,0.2526,0.08,-0.1883,0.1952,0.0191
0aa13c4d-b47c-4bc7-a4bb-957561dbad02,clip,0.6685,0.0,0.4172,0.0029,0.5384,0.0001,0.5414
34057f2e-1376-4a8d-92f0-6edc0ffa859b,clip,0.746,0.0,0.4529,0.0011,0.3451,0.0152,0.5147
fd222649-bb5d-4bca-aedb-57a9bb3f9a4e,clip,0.4898,0.0004,0.2916,0.042,0.3036,0.034,0.3617
2bec6a9c-431a-4dfa-bd02-57b455d95a3a,clip,0.7819,0.0,0.5822,0.0,0.6154,0.0,0.6599
2ffd117c-1a33-4b7a-a359-c3bb9ad35cec,clip,0.8249,0.0,0.8106,0.0,0.8835,0.0,0.8397
6be2a046-67c7-4a4c-b67c-31d41a0714a5,clip,0.7819,0.0,0.5822,0.0,0.6154,0.0,0.6599
d0e20d67-24e5-4292-9222-4b60fdeb3b4f,clip,0.7398,0.0,0.5726,0.0,0.567,0.0,0.6265
1a8a184f-8ace-4cf9-a732-af3ceedef990,clip,0.9554,0.0,0.9096,0.0,0.891,0.0,0.9187
92e9ea16-f3a3-42fd-9b4a-304d1e8bb39c,clip,0.217,0.1341,0.6356,0.0,0.2465,0.0877,0.3664
8d88fa68-f254-4577-9922-87ba6696d54f,clip,0.8182,0.0,0.1447,0.3212,-0.099,0.4986,0.288
97b3a522-968d-4db3-9126-1898cb9dca5f,clip,0.7399,0.0,0.1827,0.2091,0.0768,0.5998,0.3331
61cd5c3a-9325-4cdf-9ff2-0e8625c8e8bc,clip,0.6331,0.0,0.3655,0.0098,0.2838,0.0482,0.4274
2faa706e-08ea-4f4e-9f88-6000d10bb322,clip,0.4589,0.0009,0.4893,0.0004,0.3624,0.0105,0.4369
3429c249-9b78-4612-8b82-8ce2405193ce,clip,0.7359,0.0,0.4574,0.001,0.428,0.0022,0.5404
7b73f9f5-70a9-4324-a79d-99302078220b,clip,0.8042,0.0,0.0333,0.8205,0.1421,0.33,0.3265
525abdb3-d337-4b12-b2ee-01a6e3e1f780,clip,0.8822,0.0,0.7503,0.0,0.6445,0.0,0.759
6f8351dc-db39-4a4c-9370-b035dc80d66f,clip,0.8071,0.0,0.7873,0.0,0.7995,0.0,0.798
6b0be593-f193-48ee-bdd8-8f8cc3da741a,clip,0.6427,0.0,0.7456,0.0,0.6301,0.0,0.6728
f1f5ca23-1476-4be2-a203-079c456d58b7,clip,0.3027,0.0345,0.2466,0.0876,0.6165,0.0,0.3886
f12dd800-7905-428c-9690-28747601a795,clip,0.6427,0.0,0.7456,0.0,0.6301,0.0,0.6728
1b080c55-9d6e-489f-95d6-8f03f713099b,clip,-0.0666,0.6494,-0.3647,0.01,0.6413,0.0,0.07
ec6992fc-90b0-45fa-8cb0-0979086911d7,clip,0.6754,0.0,0.5636,0.0,0.5644,0.0,0.6011
4c79241e-3dc9-44d8-bed7-421701a25103,clip,0.8247,0.0,0.698,0.0,0.7172,0.0,0.7466
e2ee5b98-bfa9-4103-aa2c-e0397e9bd668,clip,0.8607,0.0,0.5574,0.0,0.5976,0.0,0.6719
ec1ebd50-a42c-47c5-a77d-00546adf6224,clip,0.6324,0.0,0.559,0.0,0.7504,0.0,0.6473
751a2a0e-916c-48e1-a267-c7c59106d6b0,clip,0.9142,0.0,0.7878,0.0,0.8445,0.0,0.8488
aec29b23-29fa-4d4d-b20c-73e160c63943,clip,0.4502,0.0012,0.5712,0.0,0.1788,0.2191,0.4001
035e6a4b-1414-44d6-8b17-8bac0bb64a42,clip,0.838,0.0,0.778,0.0,0.7707,0.0,0.7956
daef26fc-191a-476a-a883-66c9dad9f963,clip,0.9304,0.0,0.8634,0.0,0.8867,0.0,0.8935
f8d29900-ef57-4a37-93ee-d6596f54b8b0,clip,0.5777,0.0,0.4946,0.0003,0.7638,0.0,0.612
449dd4e6-c146-4c46-a36f-506b0669f056,clip,0.515,0.0002,0.1392,0.3401,0.4039,0.004,0.3527
b6a921ff-8d0c-41e1-8a6a-f9f1068693ee,clip,0.7519,0.0,0.0204,0.8892,-0.0956,0.5133,0.2256
7b652a5a-c293-42d8-9245-c3e1556636c1,clip,0.3226,0.0238,0.3907,0.0055,0.7936,0.0,0.5023
a13fc28b-003a-4e28-8850-905313634459,clip,0.6052,0.0,0.3029,0.0344,0.4505,0.0012,0.4529
693a728d-e9d9-4d50-a6c8-c38a7d8dce35,clip,0.6559,0.0,0.4054,0.0039,0.4068,0.0037,0.4894
843b1217-b7f6-4c73-9d38-0eac63bf6f28,clip,0.7981,0.0,0.5712,0.0,0.5315,0.0001,0.6336
2a57f463-0a45-4852-9a58-acbf91395812,clip,0.5599,0.0,-0.0259,0.86,0.1489,0.3072,0.2276
3fd7af11-b663-486b-a962-16c72d01e706,clip,0.6088,0.0,0.6119,0.0,0.5964,0.0,0.6057
a952f9e8-5281-4661-950e-ffbf264a69f2,clip,0.297,0.0382,0.1126,0.4413,0.3492,0.0139,0.2529
d83a91b8-849b-4f7f-8c8e-168734417cd3,clip,0.6251,0.0,-0.0804,0.583,-0.2301,0.1117,0.1049
ae3e7c2c-7bd7-4086-93d8-14c1f86a3184,clip,0.8116,0.0,0.4029,0.0041,0.6351,0.0,0.6165
03e3c931-426c-454a-a977-1805f7c65f15,clip,0.5842,0.0,0.6042,0.0,0.3074,0.0316,0.4986
2ee2ff8e-8560-4eb9-b869-6ba468258201,clip,0.8277,0.0,0.5811,0.0,0.7393,0.0,0.716
b0cbe990-43cc-45a9-9f98-ab8a0a38fe64,clip,0.2882,0.0447,-0.5206,0.0001,0.2398,0.097,0.0024
ab6ac2e8-bdfc-452f-8119-914e40e8b151,clip,0.6703,0.0,0.7886,0.0,0.455,0.001,0.638
16ff40c1-2e0d-4207-992b-7ff20edf427a,clip,0.5237,0.0001,0.1476,0.3116,-0.1639,0.2606,0.1691
eed6d393-d438-4d10-8782-d5443e9342be,clip,0.8166,0.0,0.1804,0.2148,0.2556,0.0763,0.4176
e46d024b-8bdb-46d2-ad2b-d5dd20831693,clip,0.4546,0.001,-0.1252,0.3913,0.1557,0.2853,0.1617
b6b1e4ca-d9e8-4d54-a292-82c2bf818d3b,clip,0.5115,0.0002,0.5058,0.0002,0.7636,0.0,0.5936
7fa37c8c-5b74-4898-ba37-a0c2933cdb03,clip,0.4514,0.0011,0.323,0.0236,0.4219,0.0025,0.3988
a8e28ea4-0eac-497a-b894-1e682ef66e8e,clip,0.6595,0.0,0.7656,0.0,0.9119,0.0,0.779
39456870-dff9-4521-85a7-8ce1e1156572,clip,0.4118,0.0033,0.1617,0.2671,0.0902,0.5376,0.2212
d501d03b-8677-427a-bd3c-80ef26349cf6,clip,0.8656,0.0,0.5792,0.0,0.4983,0.0003,0.6477
f7c40fe4-ac32-46c5-922c-89e85b650906,clip,0.5496,0.0,0.5289,0.0001,0.3885,0.0058,0.489
1192021a-598b-48bb-be52-9f576e627384,clip,0.6562,0.0,0.4417,0.0015,0.3267,0.0219,0.4749
86ea271d-4352-4963-80a2-96b496b9ab50,clip,0.9214,0.0,0.812,0.0,0.8412,0.0,0.8582
9ade2c60-6dfc-4eaf-bfc4-f317af15ac60,clip,0.5405,0.0001,0.0554,0.7053,0.1622,0.2656,0.2527
ff0bce0b-7179-486e-9d05-9efa37b21512,clip,0.5472,0.0,0.3784,0.0073,0.3563,0.012,0.4273
e6e586b2-3904-40e5-8fcd-0e8201909ad0,clip,0.7713,0.0,-0.065,0.6571,0.1828,0.2088,0.2964
dd47b69e-013f-4997-9504-4d2e8a37342d,clip,0.8109,0.0,0.4367,0.0017,0.4637,0.0008,0.5704
b3d8b8f5-af2a-416e-b0ff-deaa2a94d8e5,clip,-0.2641,0.0667,0.7431,0.0,-0.3039,0.0338,0.0584
82215031-0639-473d-8f9c-7c9de723779d,clip,0.9222,0.0,0.8814,0.0,0.8869,0.0,0.8968
39733d4c-5b90-473a-b873-d62f74e809fa,clip,0.7832,0.0,0.6974,0.0,0.4917,0.0003,0.6574
bcc78c9f-680f-41a8-959a-b71924fe3835,clip,0.9513,0.0,0.4397,0.0016,0.4024,0.0042,0.5978
e3ca3318-1490-4d72-bed8-d9c1813ed430,clip,0.7168,0.0,0.4591,0.0009,0.5678,0.0,0.5812
e59b1cbd-2cfd-428a-b1f4-fba8cbfb08ec,clip,0.8627,0.0,0.6475,0.0,0.5309,0.0001,0.6804
cc3e4687-4fba-4fe1-aeb3-489db832865c,clip,0.2868,0.0457,0.3054,0.0328,0.0587,0.6888,0.217
31e9a0fd-c1ab-4668-a100-e869e7c36d2e,clip,0.7765,0.0,0.6342,0.0,0.7683,0.0,0.7263
535d82e7-8b5f-4ed4-b186-e458ced4fd32,clip,0.783,0.0,0.7301,0.0,0.8577,0.0,0.7903
606aeda1-a002-4666-9cc2-c54b4af0a436,clip,0.5069,0.0002,0.2714,0.0592,0.6812,0.0,0.4865
b44fddf6-9e94-4b2d-92d6-b64b7047f781,clip,-0.2013,0.1654,-0.38,0.0071,0.2747,0.0561,-0.1022
02bd886c-af46-4b28-a3b3-939f0185db11,clip,0.7592,0.0,0.6098,0.0,0.6609,0.0,0.6766
7e4d2b1e-fa75-443c-92e9-b792125002c6,clip,0.7928,0.0,0.6387,0.0,0.7679,0.0,0.7331
8c973562-db40-4319-9dd5-51d83c7f910e,clip,0.7731,0.0,0.4685,0.0007,0.4132,0.0032,0.5516
3f0011f7-0cf3-4ed5-a905-78d71079c3da,clip,0.8324,0.0,0.4247,0.0024,0.4701,0.0007,0.5757
99a8796e-1be0-40dc-9e07-56df08f021e0,clip,0.6255,0.0,0.7786,0.0,0.5587,0.0,0.6543
098b83b9-da89-40a9-a452-bc72698c3740,clip,0.6782,0.0,0.3597,0.0111,0.4127,0.0032,0.4835
ffcd1ddf-ff5a-4f44-90d8-f019b0e5efd1,clip,0.7992,0.0,0.406,0.0038,0.4587,0.0009,0.5546
